{"nm":"Flow 8","ddd":0,"h":944,"w":944,"meta":{"g":"LottieFiles Figma v34"},"layers":[{"ty":4,"nm":"Rectangle 48","sr":1,"st":0,"op":30.070000933716074,"ip":0,"hd":false,"ddd":0,"bm":0,"hasMask":false,"ao":0,"ks":{"a":{"a":1,"k":[{"o":{"x":0,"y":0},"i":{"x":0.58,"y":1},"s":[4.5,19.5],"t":0},{"o":{"x":0,"y":0},"i":{"x":0.58,"y":1},"s":[4.5,19.5],"t":0.03000000142492354},{"o":{"x":0,"y":0},"i":{"x":0.58,"y":1},"s":[4.5,47],"t":2.730000108713284},{"o":{"x":0,"y":0},"i":{"x":0.58,"y":1},"s":[4.5,47],"t":2.7600001101382077},{"o":{"x":0,"y":0},"i":{"x":0.58,"y":1},"s":[4.5,32.5],"t":5.460000217426568},{"o":{"x":0,"y":0},"i":{"x":0.58,"y":1},"s":[4.5,32.5],"t":5.490000218851492},{"o":{"x":0,"y":0},"i":{"x":0.58,"y":1},"s":[4.5,19.5],"t":8.190000326139852},{"o":{"x":0,"y":0},"i":{"x":0.58,"y":1},"s":[4.5,19.5],"t":8.220000327564776},{"o":{"x":0,"y":0},"i":{"x":0.58,"y":1},"s":[4.5,13],"t":10.920000434853137},{"o":{"x":0,"y":0},"i":{"x":0.58,"y":1},"s":[4.5,13],"t":10.95000043627806},{"o":{"x":0,"y":0},"i":{"x":0.58,"y":1},"s":[4.5,19.5],"t":13.65000054356642},{"o":{"x":0,"y":0},"i":{"x":0.58,"y":1},"s":[4.5,19.5],"t":13.680000544991344},{"o":{"x":0,"y":0},"i":{"x":0.58,"y":1},"s":[4.5,32.5],"t":16.380000652279705},{"o":{"x":0,"y":0},"i":{"x":0.58,"y":1},"s":[4.5,32.5],"t":16.41000065370463},{"o":{"x":0,"y":0},"i":{"x":0.58,"y":1},"s":[4.5,47],"t":19.11000076099299},{"o":{"x":0,"y":0},"i":{"x":0.58,"y":1},"s":[4.5,47],"t":19.140000762417912},{"o":{"x":0,"y":0},"i":{"x":0.58,"y":1},"s":[4.5,19.5],"t":21.840000869706273},{"o":{"x":0,"y":0},"i":{"x":0.58,"y":1},"s":[4.5,19.5],"t":22.440000856295228},{"o":{"x":0,"y":0},"i":{"x":0.58,"y":1},"s":[4.5,12.5],"t":25.44000090099871},{"o":{"x":0,"y":0},"i":{"x":0.58,"y":1},"s":[4.5,12.5],"t":26.040000887587667},{"o":{"x":0,"y":0},"i":{"x":1,"y":1},"s":[4.5,19.5],"t":29.04000093229115},{"s":[4.5,19.5],"t":29.070000933716074}]},"s":{"a":1,"k":[{"o":{"x":0,"y":0},"i":{"x":0.58,"y":1},"s":[100,100],"t":0},{"o":{"x":0,"y":0},"i":{"x":0.58,"y":1},"s":[100,100],"t":0.03000000142492354},{"o":{"x":0,"y":0},"i":{"x":0.58,"y":1},"s":[100,100],"t":2.730000108713284},{"o":{"x":0,"y":0},"i":{"x":0.58,"y":1},"s":[100,100],"t":2.7600001101382077},{"o":{"x":0,"y":0},"i":{"x":0.58,"y":1},"s":[100,100],"t":5.460000217426568},{"o":{"x":0,"y":0},"i":{"x":0.58,"y":1},"s":[100,100],"t":5.490000218851492},{"o":{"x":0,"y":0},"i":{"x":0.58,"y":1},"s":[100,100],"t":8.190000326139852},{"o":{"x":0,"y":0},"i":{"x":0.58,"y":1},"s":[100,100],"t":8.220000327564776},{"o":{"x":0,"y":0},"i":{"x":0.58,"y":1},"s":[100,100],"t":10.920000434853137},{"o":{"x":0,"y":0},"i":{"x":0.58,"y":1},"s":[100,100],"t":10.95000043627806},{"o":{"x":0,"y":0},"i":{"x":0.58,"y":1},"s":[100,100],"t":13.65000054356642},{"o":{"x":0,"y":0},"i":{"x":0.58,"y":1},"s":[100,100],"t":13.680000544991344},{"o":{"x":0,"y":0},"i":{"x":0.58,"y":1},"s":[100,100],"t":16.380000652279705},{"o":{"x":0,"y":0},"i":{"x":0.58,"y":1},"s":[100,100],"t":16.41000065370463},{"o":{"x":0,"y":0},"i":{"x":0.58,"y":1},"s":[100,100],"t":19.11000076099299},{"o":{"x":0,"y":0},"i":{"x":0.58,"y":1},"s":[100,100],"t":19.140000762417912},{"o":{"x":0,"y":0},"i":{"x":0.58,"y":1},"s":[100,100],"t":21.840000869706273},{"o":{"x":0,"y":0},"i":{"x":0.58,"y":1},"s":[100,100],"t":22.440000856295228},{"o":{"x":0,"y":0},"i":{"x":0.58,"y":1},"s":[100,100],"t":25.44000090099871},{"o":{"x":0,"y":0},"i":{"x":0.58,"y":1},"s":[100,100],"t":26.040000887587667},{"o":{"x":0,"y":0},"i":{"x":1,"y":1},"s":[100,100],"t":29.04000093229115},{"s":[100,100],"t":29.070000933716074}]},"sk":{"a":0,"k":0},"p":{"a":1,"k":[{"o":{"x":0,"y":0},"i":{"x":0.58,"y":1},"s":[539.5,623.5],"t":0},{"o":{"x":0,"y":0},"i":{"x":0.58,"y":1},"s":[539.5,623.5],"t":0.03000000142492354},{"o":{"x":0,"y":0},"i":{"x":0.58,"y":1},"s":[532.5,361],"t":2.730000108713284},{"o":{"x":0,"y":0},"i":{"x":0.58,"y":1},"s":[532.5,361],"t":2.7600001101382077},{"o":{"x":0,"y":0},"i":{"x":0.58,"y":1},"s":[539.5,336.5],"t":5.460000217426568},{"o":{"x":0,"y":0},"i":{"x":0.58,"y":1},"s":[539.5,336.5],"t":5.490000218851492},{"o":{"x":0,"y":0},"i":{"x":0.58,"y":1},"s":[539.5,333.5],"t":8.190000326139852},{"o":{"x":0,"y":0},"i":{"x":0.58,"y":1},"s":[539.5,333.5],"t":8.220000327564776},{"o":{"x":0,"y":0},"i":{"x":0.58,"y":1},"s":[539.5,327],"t":10.920000434853137},{"o":{"x":0,"y":0},"i":{"x":0.58,"y":1},"s":[539.5,327],"t":10.95000043627806},{"o":{"x":0,"y":0},"i":{"x":0.58,"y":1},"s":[539.5,333.5],"t":13.65000054356642},{"o":{"x":0,"y":0},"i":{"x":0.58,"y":1},"s":[539.5,333.5],"t":13.680000544991344},{"o":{"x":0,"y":0},"i":{"x":0.58,"y":1},"s":[539.5,336.5],"t":16.380000652279705},{"o":{"x":0,"y":0},"i":{"x":0.58,"y":1},"s":[539.5,336.5],"t":16.41000065370463},{"o":{"x":0,"y":0},"i":{"x":0.58,"y":1},"s":[532.5,361],"t":19.11000076099299},{"o":{"x":0,"y":0},"i":{"x":0.58,"y":1},"s":[532.5,361],"t":19.140000762417912},{"o":{"x":0,"y":0},"i":{"x":0.58,"y":1},"s":[539.5,623.5],"t":21.840000869706273},{"o":{"x":0,"y":0},"i":{"x":0.58,"y":1},"s":[539.5,623.5],"t":22.440000856295228},{"o":{"x":0,"y":0},"i":{"x":0.58,"y":1},"s":[678.5,678.5],"t":25.44000090099871},{"o":{"x":0,"y":0},"i":{"x":0.58,"y":1},"s":[678.5,678.5],"t":26.040000887587667},{"o":{"x":0,"y":0},"i":{"x":1,"y":1},"s":[539.5,623.5],"t":29.04000093229115},{"s":[539.5,623.5],"t":29.070000933716074}]},"r":{"a":1,"k":[{"o":{"x":0,"y":0},"i":{"x":0.58,"y":1},"s":[0],"t":0},{"o":{"x":0,"y":0},"i":{"x":0.58,"y":1},"s":[0],"t":0.03000000142492354},{"o":{"x":0,"y":0},"i":{"x":0.58,"y":1},"s":[0],"t":2.730000108713284},{"o":{"x":0,"y":0},"i":{"x":0.58,"y":1},"s":[0],"t":2.7600001101382077},{"o":{"x":0,"y":0},"i":{"x":0.58,"y":1},"s":[0],"t":5.460000217426568},{"o":{"x":0,"y":0},"i":{"x":0.58,"y":1},"s":[0],"t":5.490000218851492},{"o":{"x":0,"y":0},"i":{"x":0.58,"y":1},"s":[0],"t":8.190000326139852},{"o":{"x":0,"y":0},"i":{"x":0.58,"y":1},"s":[0],"t":8.220000327564776},{"o":{"x":0,"y":0},"i":{"x":0.58,"y":1},"s":[0],"t":10.920000434853137},{"o":{"x":0,"y":0},"i":{"x":0.58,"y":1},"s":[0],"t":10.95000043627806},{"o":{"x":0,"y":0},"i":{"x":0.58,"y":1},"s":[0],"t":13.65000054356642},{"o":{"x":0,"y":0},"i":{"x":0.58,"y":1},"s":[0],"t":13.680000544991344},{"o":{"x":0,"y":0},"i":{"x":0.58,"y":1},"s":[0],"t":16.380000652279705},{"o":{"x":0,"y":0},"i":{"x":0.58,"y":1},"s":[0],"t":16.41000065370463},{"o":{"x":0,"y":0},"i":{"x":0.58,"y":1},"s":[0],"t":19.11000076099299},{"o":{"x":0,"y":0},"i":{"x":0.58,"y":1},"s":[0],"t":19.140000762417912},{"o":{"x":0,"y":0},"i":{"x":0.58,"y":1},"s":[0],"t":21.840000869706273},{"o":{"x":0,"y":0},"i":{"x":0.58,"y":1},"s":[0],"t":22.440000856295228},{"o":{"x":0,"y":0},"i":{"x":0.58,"y":1},"s":[0],"t":25.44000090099871},{"o":{"x":0,"y":0},"i":{"x":0.58,"y":1},"s":[0],"t":26.040000887587667},{"o":{"x":0,"y":0},"i":{"x":1,"y":1},"s":[0],"t":29.04000093229115},{"s":[0],"t":29.070000933716074}]},"sa":{"a":0,"k":0},"o":{"a":1,"k":[{"o":{"x":0,"y":0},"i":{"x":0.58,"y":1},"s":[100],"t":0},{"o":{"x":0,"y":0},"i":{"x":0.58,"y":1},"s":[100],"t":0.03000000142492354},{"o":{"x":0,"y":0},"i":{"x":0.58,"y":1},"s":[100],"t":2.730000108713284},{"o":{"x":0,"y":0},"i":{"x":0.58,"y":1},"s":[100],"t":2.7600001101382077},{"o":{"x":0,"y":0},"i":{"x":0.58,"y":1},"s":[100],"t":5.460000217426568},{"o":{"x":0,"y":0},"i":{"x":0.58,"y":1},"s":[100],"t":5.490000218851492},{"o":{"x":0,"y":0},"i":{"x":0.58,"y":1},"s":[100],"t":8.190000326139852},{"o":{"x":0,"y":0},"i":{"x":0.58,"y":1},"s":[100],"t":8.220000327564776},{"o":{"x":0,"y":0},"i":{"x":0.58,"y":1},"s":[100],"t":10.920000434853137},{"o":{"x":0,"y":0},"i":{"x":0.58,"y":1},"s":[100],"t":10.95000043627806},{"o":{"x":0,"y":0},"i":{"x":0.58,"y":1},"s":[100],"t":13.65000054356642},{"o":{"x":0,"y":0},"i":{"x":0.58,"y":1},"s":[100],"t":13.680000544991344},{"o":{"x":0,"y":0},"i":{"x":0.58,"y":1},"s":[100],"t":16.380000652279705},{"o":{"x":0,"y":0},"i":{"x":0.58,"y":1},"s":[100],"t":16.41000065370463},{"o":{"x":0,"y":0},"i":{"x":0.58,"y":1},"s":[100],"t":19.11000076099299},{"o":{"x":0,"y":0},"i":{"x":0.58,"y":1},"s":[100],"t":19.140000762417912},{"o":{"x":0,"y":0},"i":{"x":0.58,"y":1},"s":[100],"t":21.840000869706273},{"o":{"x":0,"y":0},"i":{"x":0.58,"y":1},"s":[100],"t":22.440000856295228},{"o":{"x":0,"y":0},"i":{"x":0.58,"y":1},"s":[100],"t":25.44000090099871},{"o":{"x":0,"y":0},"i":{"x":0.58,"y":1},"s":[100],"t":26.040000887587667},{"o":{"x":0,"y":0},"i":{"x":1,"y":1},"s":[100],"t":29.04000093229115},{"s":[100],"t":29.070000933716074}]}},"shapes":[{"ty":"sh","bm":0,"hd":false,"nm":"","d":1,"ks":{"a":1,"k":[{"o":{"x":0,"y":0},"i":{"x":0.58,"y":1},"s":[{"c":true,"i":[[0,0],[-1.66,0],[0,0],[0,-1.66],[0,0],[1.66,0],[0,0],[0,1.66]],"o":[[0,-1.66],[0,0],[1.66,0],[0,0],[0,1.66],[0,0],[-1.66,0],[0,0]],"v":[[0,3],[3,0],[6,0],[9,3],[9,36],[6,39],[3,39],[0,36]]}],"t":0},{"o":{"x":0,"y":0},"i":{"x":0.58,"y":1},"s":[{"c":true,"i":[[0,0],[-1.66,0],[0,0],[0,-1.66],[0,0],[1.66,0],[0,0],[0,1.66]],"o":[[0,-1.66],[0,0],[1.66,0],[0,0],[0,1.66],[0,0],[-1.66,0],[0,0]],"v":[[0,3],[3,0],[6,0],[9,3],[9,36],[6,39],[3,39],[0,36]]}],"t":0.03000000142492354},{"o":{"x":0,"y":0},"i":{"x":0.58,"y":1},"s":[{"c":true,"i":[[0,0],[-1.66,0],[0,0],[0,-1.66],[0,0],[1.66,0],[0,0],[0,1.66]],"o":[[0,-1.66],[0,0],[1.66,0],[0,0],[0,1.66],[0,0],[-1.66,0],[0,0]],"v":[[0,3],[3,0],[6,0],[9,3],[9,91],[6,94],[3,94],[0,91]]}],"t":2.730000108713284},{"o":{"x":0,"y":0},"i":{"x":0.58,"y":1},"s":[{"c":true,"i":[[0,0],[-1.66,0],[0,0],[0,-1.66],[0,0],[1.66,0],[0,0],[0,1.66]],"o":[[0,-1.66],[0,0],[1.66,0],[0,0],[0,1.66],[0,0],[-1.66,0],[0,0]],"v":[[0,3],[3,0],[6,0],[9,3],[9,91],[6,94],[3,94],[0,91]]}],"t":2.7600001101382077},{"o":{"x":0,"y":0},"i":{"x":0.58,"y":1},"s":[{"c":true,"i":[[0,0],[-1.66,0],[0,0],[0,-1.66],[0,0],[1.66,0],[0,0],[0,1.66]],"o":[[0,-1.66],[0,0],[1.66,0],[0,0],[0,1.66],[0,0],[-1.66,0],[0,0]],"v":[[0,3],[3,0],[6,0],[9,3],[9,62],[6,65],[3,65],[0,62]]}],"t":5.460000217426568},{"o":{"x":0,"y":0},"i":{"x":0.58,"y":1},"s":[{"c":true,"i":[[0,0],[-1.66,0],[0,0],[0,-1.66],[0,0],[1.66,0],[0,0],[0,1.66]],"o":[[0,-1.66],[0,0],[1.66,0],[0,0],[0,1.66],[0,0],[-1.66,0],[0,0]],"v":[[0,3],[3,0],[6,0],[9,3],[9,62],[6,65],[3,65],[0,62]]}],"t":5.490000218851492},{"o":{"x":0,"y":0},"i":{"x":0.58,"y":1},"s":[{"c":true,"i":[[0,0],[-1.66,0],[0,0],[0,-1.66],[0,0],[1.66,0],[0,0],[0,1.66]],"o":[[0,-1.66],[0,0],[1.66,0],[0,0],[0,1.66],[0,0],[-1.66,0],[0,0]],"v":[[0,3],[3,0],[6,0],[9,3],[9,36],[6,39],[3,39],[0,36]]}],"t":8.190000326139852},{"o":{"x":0,"y":0},"i":{"x":0.58,"y":1},"s":[{"c":true,"i":[[0,0],[-1.66,0],[0,0],[0,-1.66],[0,0],[1.66,0],[0,0],[0,1.66]],"o":[[0,-1.66],[0,0],[1.66,0],[0,0],[0,1.66],[0,0],[-1.66,0],[0,0]],"v":[[0,3],[3,0],[6,0],[9,3],[9,36],[6,39],[3,39],[0,36]]}],"t":8.220000327564776},{"o":{"x":0,"y":0},"i":{"x":0.58,"y":1},"s":[{"c":true,"i":[[0,0],[-1.66,0],[0,0],[0,-1.66],[0,0],[1.66,0],[0,0],[0,1.66]],"o":[[0,-1.66],[0,0],[1.66,0],[0,0],[0,1.66],[0,0],[-1.66,0],[0,0]],"v":[[0,3],[3,0],[6,0],[9,3],[9,23],[6,26],[3,26],[0,23]]}],"t":10.920000434853137},{"o":{"x":0,"y":0},"i":{"x":0.58,"y":1},"s":[{"c":true,"i":[[0,0],[-1.66,0],[0,0],[0,-1.66],[0,0],[1.66,0],[0,0],[0,1.66]],"o":[[0,-1.66],[0,0],[1.66,0],[0,0],[0,1.66],[0,0],[-1.66,0],[0,0]],"v":[[0,3],[3,0],[6,0],[9,3],[9,23],[6,26],[3,26],[0,23]]}],"t":10.95000043627806},{"o":{"x":0,"y":0},"i":{"x":0.58,"y":1},"s":[{"c":true,"i":[[0,0],[-1.66,0],[0,0],[0,-1.66],[0,0],[1.66,0],[0,0],[0,1.66]],"o":[[0,-1.66],[0,0],[1.66,0],[0,0],[0,1.66],[0,0],[-1.66,0],[0,0]],"v":[[0,3],[3,0],[6,0],[9,3],[9,36],[6,39],[3,39],[0,36]]}],"t":13.65000054356642},{"o":{"x":0,"y":0},"i":{"x":0.58,"y":1},"s":[{"c":true,"i":[[0,0],[-1.66,0],[0,0],[0,-1.66],[0,0],[1.66,0],[0,0],[0,1.66]],"o":[[0,-1.66],[0,0],[1.66,0],[0,0],[0,1.66],[0,0],[-1.66,0],[0,0]],"v":[[0,3],[3,0],[6,0],[9,3],[9,36],[6,39],[3,39],[0,36]]}],"t":13.680000544991344},{"o":{"x":0,"y":0},"i":{"x":0.58,"y":1},"s":[{"c":true,"i":[[0,0],[-1.66,0],[0,0],[0,-1.66],[0,0],[1.66,0],[0,0],[0,1.66]],"o":[[0,-1.66],[0,0],[1.66,0],[0,0],[0,1.66],[0,0],[-1.66,0],[0,0]],"v":[[0,3],[3,0],[6,0],[9,3],[9,62],[6,65],[3,65],[0,62]]}],"t":16.380000652279705},{"o":{"x":0,"y":0},"i":{"x":0.58,"y":1},"s":[{"c":true,"i":[[0,0],[-1.66,0],[0,0],[0,-1.66],[0,0],[1.66,0],[0,0],[0,1.66]],"o":[[0,-1.66],[0,0],[1.66,0],[0,0],[0,1.66],[0,0],[-1.66,0],[0,0]],"v":[[0,3],[3,0],[6,0],[9,3],[9,62],[6,65],[3,65],[0,62]]}],"t":16.41000065370463},{"o":{"x":0,"y":0},"i":{"x":0.58,"y":1},"s":[{"c":true,"i":[[0,0],[-1.66,0],[0,0],[0,-1.66],[0,0],[1.66,0],[0,0],[0,1.66]],"o":[[0,-1.66],[0,0],[1.66,0],[0,0],[0,1.66],[0,0],[-1.66,0],[0,0]],"v":[[0,3],[3,0],[6,0],[9,3],[9,91],[6,94],[3,94],[0,91]]}],"t":19.11000076099299},{"o":{"x":0,"y":0},"i":{"x":0.58,"y":1},"s":[{"c":true,"i":[[0,0],[-1.66,0],[0,0],[0,-1.66],[0,0],[1.66,0],[0,0],[0,1.66]],"o":[[0,-1.66],[0,0],[1.66,0],[0,0],[0,1.66],[0,0],[-1.66,0],[0,0]],"v":[[0,3],[3,0],[6,0],[9,3],[9,91],[6,94],[3,94],[0,91]]}],"t":19.140000762417912},{"o":{"x":0,"y":0},"i":{"x":0.58,"y":1},"s":[{"c":true,"i":[[0,0],[-1.66,0],[0,0],[0,-1.66],[0,0],[1.66,0],[0,0],[0,1.66]],"o":[[0,-1.66],[0,0],[1.66,0],[0,0],[0,1.66],[0,0],[-1.66,0],[0,0]],"v":[[0,3],[3,0],[6,0],[9,3],[9,36],[6,39],[3,39],[0,36]]}],"t":21.840000869706273},{"o":{"x":0,"y":0},"i":{"x":0.58,"y":1},"s":[{"c":true,"i":[[0,0],[-1.66,0],[0,0],[0,-1.66],[0,0],[1.66,0],[0,0],[0,1.66]],"o":[[0,-1.66],[0,0],[1.66,0],[0,0],[0,1.66],[0,0],[-1.66,0],[0,0]],"v":[[0,3],[3,0],[6,0],[9,3],[9,36],[6,39],[3,39],[0,36]]}],"t":22.440000856295228},{"o":{"x":0,"y":0},"i":{"x":0.58,"y":1},"s":[{"c":true,"i":[[0,0],[-1.66,0],[0,0],[0,-1.66],[0,0],[1.66,0],[0,0],[0,1.66]],"o":[[0,-1.66],[0,0],[1.66,0],[0,0],[0,1.66],[0,0],[-1.66,0],[0,0]],"v":[[0,3],[3,0],[6,0],[9,3],[9,22],[6,25],[3,25],[0,22]]}],"t":25.44000090099871},{"o":{"x":0,"y":0},"i":{"x":0.58,"y":1},"s":[{"c":true,"i":[[0,0],[-1.66,0],[0,0],[0,-1.66],[0,0],[1.66,0],[0,0],[0,1.66]],"o":[[0,-1.66],[0,0],[1.66,0],[0,0],[0,1.66],[0,0],[-1.66,0],[0,0]],"v":[[0,3],[3,0],[6,0],[9,3],[9,22],[6,25],[3,25],[0,22]]}],"t":26.040000887587667},{"o":{"x":0,"y":0},"i":{"x":1,"y":1},"s":[{"c":true,"i":[[0,0],[-1.66,0],[0,0],[0,-1.66],[0,0],[1.66,0],[0,0],[0,1.66]],"o":[[0,-1.66],[0,0],[1.66,0],[0,0],[0,1.66],[0,0],[-1.66,0],[0,0]],"v":[[0,3],[3,0],[6,0],[9,3],[9,36],[6,39],[3,39],[0,36]]}],"t":29.04000093229115},{"s":[{"c":true,"i":[[0,0],[-1.66,0],[0,0],[0,-1.66],[0,0],[1.66,0],[0,0],[0,1.66]],"o":[[0,-1.66],[0,0],[1.66,0],[0,0],[0,1.66],[0,0],[-1.66,0],[0,0]],"v":[[0,3],[3,0],[6,0],[9,3],[9,36],[6,39],[3,39],[0,36]]}],"t":29.070000933716074}]}},{"ty":"fl","bm":0,"hd":false,"nm":"","c":{"a":1,"k":[{"o":{"x":0,"y":0},"i":{"x":0.58,"y":1},"s":[0,0,0],"t":0},{"o":{"x":0,"y":0},"i":{"x":0.58,"y":1},"s":[0,0,0],"t":0.03000000142492354},{"o":{"x":0,"y":0},"i":{"x":0.58,"y":1},"s":[0,0,0],"t":2.730000108713284},{"o":{"x":0,"y":0},"i":{"x":0.58,"y":1},"s":[0,0,0],"t":2.7600001101382077},{"o":{"x":0,"y":0},"i":{"x":0.58,"y":1},"s":[0,0,0],"t":5.460000217426568},{"o":{"x":0,"y":0},"i":{"x":0.58,"y":1},"s":[0,0,0],"t":5.490000218851492},{"o":{"x":0,"y":0},"i":{"x":0.58,"y":1},"s":[0,0,0],"t":8.190000326139852},{"o":{"x":0,"y":0},"i":{"x":0.58,"y":1},"s":[0,0,0],"t":8.220000327564776},{"o":{"x":0,"y":0},"i":{"x":0.58,"y":1},"s":[0,0,0],"t":10.920000434853137},{"o":{"x":0,"y":0},"i":{"x":0.58,"y":1},"s":[0,0,0],"t":10.95000043627806},{"o":{"x":0,"y":0},"i":{"x":0.58,"y":1},"s":[0,0,0],"t":13.65000054356642},{"o":{"x":0,"y":0},"i":{"x":0.58,"y":1},"s":[0,0,0],"t":13.680000544991344},{"o":{"x":0,"y":0},"i":{"x":0.58,"y":1},"s":[0,0,0],"t":16.380000652279705},{"o":{"x":0,"y":0},"i":{"x":0.58,"y":1},"s":[0,0,0],"t":16.41000065370463},{"o":{"x":0,"y":0},"i":{"x":0.58,"y":1},"s":[0,0,0],"t":19.11000076099299},{"o":{"x":0,"y":0},"i":{"x":0.58,"y":1},"s":[0,0,0],"t":19.140000762417912},{"o":{"x":0,"y":0},"i":{"x":0.58,"y":1},"s":[0,0,0],"t":21.840000869706273},{"o":{"x":0,"y":0},"i":{"x":0.58,"y":1},"s":[0,0,0],"t":22.440000856295228},{"o":{"x":0,"y":0},"i":{"x":0.58,"y":1},"s":[0,0,0],"t":25.44000090099871},{"o":{"x":0,"y":0},"i":{"x":0.58,"y":1},"s":[0,0,0],"t":26.040000887587667},{"o":{"x":0,"y":0},"i":{"x":1,"y":1},"s":[0,0,0],"t":29.04000093229115},{"s":[0,0,0],"t":29.070000933716074}]},"r":2,"o":{"a":1,"k":[{"o":{"x":0,"y":0},"i":{"x":0.58,"y":1},"s":[100],"t":0},{"o":{"x":0,"y":0},"i":{"x":0.58,"y":1},"s":[100],"t":0.03000000142492354},{"o":{"x":0,"y":0},"i":{"x":0.58,"y":1},"s":[100],"t":2.730000108713284},{"o":{"x":0,"y":0},"i":{"x":0.58,"y":1},"s":[100],"t":2.7600001101382077},{"o":{"x":0,"y":0},"i":{"x":0.58,"y":1},"s":[100],"t":5.460000217426568},{"o":{"x":0,"y":0},"i":{"x":0.58,"y":1},"s":[100],"t":5.490000218851492},{"o":{"x":0,"y":0},"i":{"x":0.58,"y":1},"s":[100],"t":8.190000326139852},{"o":{"x":0,"y":0},"i":{"x":0.58,"y":1},"s":[100],"t":8.220000327564776},{"o":{"x":0,"y":0},"i":{"x":0.58,"y":1},"s":[100],"t":10.920000434853137},{"o":{"x":0,"y":0},"i":{"x":0.58,"y":1},"s":[100],"t":10.95000043627806},{"o":{"x":0,"y":0},"i":{"x":0.58,"y":1},"s":[100],"t":13.65000054356642},{"o":{"x":0,"y":0},"i":{"x":0.58,"y":1},"s":[100],"t":13.680000544991344},{"o":{"x":0,"y":0},"i":{"x":0.58,"y":1},"s":[100],"t":16.380000652279705},{"o":{"x":0,"y":0},"i":{"x":0.58,"y":1},"s":[100],"t":16.41000065370463},{"o":{"x":0,"y":0},"i":{"x":0.58,"y":1},"s":[100],"t":19.11000076099299},{"o":{"x":0,"y":0},"i":{"x":0.58,"y":1},"s":[100],"t":19.140000762417912},{"o":{"x":0,"y":0},"i":{"x":0.58,"y":1},"s":[100],"t":21.840000869706273},{"o":{"x":0,"y":0},"i":{"x":0.58,"y":1},"s":[100],"t":22.440000856295228},{"o":{"x":0,"y":0},"i":{"x":0.58,"y":1},"s":[100],"t":25.44000090099871},{"o":{"x":0,"y":0},"i":{"x":0.58,"y":1},"s":[100],"t":26.040000887587667},{"o":{"x":0,"y":0},"i":{"x":1,"y":1},"s":[100],"t":29.04000093229115},{"s":[100],"t":29.070000933716074}]}}],"ind":1},{"ty":4,"nm":"Rectangle 47","sr":1,"st":0,"op":30.070000933716074,"ip":0,"hd":false,"ddd":0,"bm":0,"hasMask":false,"ao":0,"ks":{"a":{"a":1,"k":[{"o":{"x":0,"y":0},"i":{"x":0.58,"y":1},"s":[4.5,19.5],"t":0},{"o":{"x":0,"y":0},"i":{"x":0.58,"y":1},"s":[4.5,19.5],"t":0.03000000142492354},{"o":{"x":0,"y":0},"i":{"x":0.58,"y":1},"s":[4.5,47],"t":2.730000108713284},{"o":{"x":0,"y":0},"i":{"x":0.58,"y":1},"s":[4.5,47],"t":2.7600001101382077},{"o":{"x":0,"y":0},"i":{"x":0.58,"y":1},"s":[4.5,32.5],"t":5.460000217426568},{"o":{"x":0,"y":0},"i":{"x":0.58,"y":1},"s":[4.5,32.5],"t":5.490000218851492},{"o":{"x":0,"y":0},"i":{"x":0.58,"y":1},"s":[4.5,19.5],"t":8.190000326139852},{"o":{"x":0,"y":0},"i":{"x":0.58,"y":1},"s":[4.5,19.5],"t":8.220000327564776},{"o":{"x":0,"y":0},"i":{"x":0.58,"y":1},"s":[4.5,13],"t":10.920000434853137},{"o":{"x":0,"y":0},"i":{"x":0.58,"y":1},"s":[4.5,13],"t":10.95000043627806},{"o":{"x":0,"y":0},"i":{"x":0.58,"y":1},"s":[4.5,19.5],"t":13.65000054356642},{"o":{"x":0,"y":0},"i":{"x":0.58,"y":1},"s":[4.5,19.5],"t":13.680000544991344},{"o":{"x":0,"y":0},"i":{"x":0.58,"y":1},"s":[4.5,32.5],"t":16.380000652279705},{"o":{"x":0,"y":0},"i":{"x":0.58,"y":1},"s":[4.5,32.5],"t":16.41000065370463},{"o":{"x":0,"y":0},"i":{"x":0.58,"y":1},"s":[4.5,47],"t":19.11000076099299},{"o":{"x":0,"y":0},"i":{"x":0.58,"y":1},"s":[4.5,47],"t":19.140000762417912},{"o":{"x":0,"y":0},"i":{"x":0.58,"y":1},"s":[4.5,19.5],"t":21.840000869706273},{"o":{"x":0,"y":0},"i":{"x":0.58,"y":1},"s":[4.5,19.5],"t":22.440000856295228},{"o":{"x":0,"y":0},"i":{"x":0.58,"y":1},"s":[4.5,12.5],"t":25.44000090099871},{"o":{"x":0,"y":0},"i":{"x":0.58,"y":1},"s":[4.5,12.5],"t":26.040000887587667},{"o":{"x":0,"y":0},"i":{"x":1,"y":1},"s":[4.5,19.5],"t":29.04000093229115},{"s":[4.5,19.5],"t":29.070000933716074}]},"s":{"a":1,"k":[{"o":{"x":0,"y":0},"i":{"x":0.58,"y":1},"s":[100,100],"t":0},{"o":{"x":0,"y":0},"i":{"x":0.58,"y":1},"s":[100,100],"t":0.03000000142492354},{"o":{"x":0,"y":0},"i":{"x":0.58,"y":1},"s":[100,100],"t":2.730000108713284},{"o":{"x":0,"y":0},"i":{"x":0.58,"y":1},"s":[100,100],"t":2.7600001101382077},{"o":{"x":0,"y":0},"i":{"x":0.58,"y":1},"s":[100,100],"t":5.460000217426568},{"o":{"x":0,"y":0},"i":{"x":0.58,"y":1},"s":[100,100],"t":5.490000218851492},{"o":{"x":0,"y":0},"i":{"x":0.58,"y":1},"s":[100,100],"t":8.190000326139852},{"o":{"x":0,"y":0},"i":{"x":0.58,"y":1},"s":[100,100],"t":8.220000327564776},{"o":{"x":0,"y":0},"i":{"x":0.58,"y":1},"s":[100,100],"t":10.920000434853137},{"o":{"x":0,"y":0},"i":{"x":0.58,"y":1},"s":[100,100],"t":10.95000043627806},{"o":{"x":0,"y":0},"i":{"x":0.58,"y":1},"s":[100,100],"t":13.65000054356642},{"o":{"x":0,"y":0},"i":{"x":0.58,"y":1},"s":[100,100],"t":13.680000544991344},{"o":{"x":0,"y":0},"i":{"x":0.58,"y":1},"s":[100,100],"t":16.380000652279705},{"o":{"x":0,"y":0},"i":{"x":0.58,"y":1},"s":[100,100],"t":16.41000065370463},{"o":{"x":0,"y":0},"i":{"x":0.58,"y":1},"s":[100,100],"t":19.11000076099299},{"o":{"x":0,"y":0},"i":{"x":0.58,"y":1},"s":[100,100],"t":19.140000762417912},{"o":{"x":0,"y":0},"i":{"x":0.58,"y":1},"s":[100,100],"t":21.840000869706273},{"o":{"x":0,"y":0},"i":{"x":0.58,"y":1},"s":[100,100],"t":22.440000856295228},{"o":{"x":0,"y":0},"i":{"x":0.58,"y":1},"s":[100,100],"t":25.44000090099871},{"o":{"x":0,"y":0},"i":{"x":0.58,"y":1},"s":[100,100],"t":26.040000887587667},{"o":{"x":0,"y":0},"i":{"x":1,"y":1},"s":[100,100],"t":29.04000093229115},{"s":[100,100],"t":29.070000933716074}]},"sk":{"a":0,"k":0},"p":{"a":1,"k":[{"o":{"x":0,"y":0},"i":{"x":0.58,"y":1},"s":[476.5,623.5],"t":0},{"o":{"x":0,"y":0},"i":{"x":0.58,"y":1},"s":[476.5,623.5],"t":0.03000000142492354},{"o":{"x":0,"y":0},"i":{"x":0.58,"y":1},"s":[490.5,361],"t":2.730000108713284},{"o":{"x":0,"y":0},"i":{"x":0.58,"y":1},"s":[490.5,361],"t":2.7600001101382077},{"o":{"x":0,"y":0},"i":{"x":0.58,"y":1},"s":[476.5,336.5],"t":5.460000217426568},{"o":{"x":0,"y":0},"i":{"x":0.58,"y":1},"s":[476.5,336.5],"t":5.490000218851492},{"o":{"x":0,"y":0},"i":{"x":0.58,"y":1},"s":[476.5,333.5],"t":8.190000326139852},{"o":{"x":0,"y":0},"i":{"x":0.58,"y":1},"s":[476.5,333.5],"t":8.220000327564776},{"o":{"x":0,"y":0},"i":{"x":0.58,"y":1},"s":[476.5,327],"t":10.920000434853137},{"o":{"x":0,"y":0},"i":{"x":0.58,"y":1},"s":[476.5,327],"t":10.95000043627806},{"o":{"x":0,"y":0},"i":{"x":0.58,"y":1},"s":[476.5,333.5],"t":13.65000054356642},{"o":{"x":0,"y":0},"i":{"x":0.58,"y":1},"s":[476.5,333.5],"t":13.680000544991344},{"o":{"x":0,"y":0},"i":{"x":0.58,"y":1},"s":[476.5,336.5],"t":16.380000652279705},{"o":{"x":0,"y":0},"i":{"x":0.58,"y":1},"s":[476.5,336.5],"t":16.41000065370463},{"o":{"x":0,"y":0},"i":{"x":0.58,"y":1},"s":[490.5,361],"t":19.11000076099299},{"o":{"x":0,"y":0},"i":{"x":0.58,"y":1},"s":[490.5,361],"t":19.140000762417912},{"o":{"x":0,"y":0},"i":{"x":0.58,"y":1},"s":[476.5,623.5],"t":21.840000869706273},{"o":{"x":0,"y":0},"i":{"x":0.58,"y":1},"s":[476.5,623.5],"t":22.440000856295228},{"o":{"x":0,"y":0},"i":{"x":0.58,"y":1},"s":[357.5,678.5],"t":25.44000090099871},{"o":{"x":0,"y":0},"i":{"x":0.58,"y":1},"s":[357.5,678.5],"t":26.040000887587667},{"o":{"x":0,"y":0},"i":{"x":1,"y":1},"s":[476.5,623.5],"t":29.04000093229115},{"s":[476.5,623.5],"t":29.070000933716074}]},"r":{"a":1,"k":[{"o":{"x":0,"y":0},"i":{"x":0.58,"y":1},"s":[0],"t":0},{"o":{"x":0,"y":0},"i":{"x":0.58,"y":1},"s":[0],"t":0.03000000142492354},{"o":{"x":0,"y":0},"i":{"x":0.58,"y":1},"s":[0],"t":2.730000108713284},{"o":{"x":0,"y":0},"i":{"x":0.58,"y":1},"s":[0],"t":2.7600001101382077},{"o":{"x":0,"y":0},"i":{"x":0.58,"y":1},"s":[0],"t":5.460000217426568},{"o":{"x":0,"y":0},"i":{"x":0.58,"y":1},"s":[0],"t":5.490000218851492},{"o":{"x":0,"y":0},"i":{"x":0.58,"y":1},"s":[0],"t":8.190000326139852},{"o":{"x":0,"y":0},"i":{"x":0.58,"y":1},"s":[0],"t":8.220000327564776},{"o":{"x":0,"y":0},"i":{"x":0.58,"y":1},"s":[0],"t":10.920000434853137},{"o":{"x":0,"y":0},"i":{"x":0.58,"y":1},"s":[0],"t":10.95000043627806},{"o":{"x":0,"y":0},"i":{"x":0.58,"y":1},"s":[0],"t":13.65000054356642},{"o":{"x":0,"y":0},"i":{"x":0.58,"y":1},"s":[0],"t":13.680000544991344},{"o":{"x":0,"y":0},"i":{"x":0.58,"y":1},"s":[0],"t":16.380000652279705},{"o":{"x":0,"y":0},"i":{"x":0.58,"y":1},"s":[0],"t":16.41000065370463},{"o":{"x":0,"y":0},"i":{"x":0.58,"y":1},"s":[0],"t":19.11000076099299},{"o":{"x":0,"y":0},"i":{"x":0.58,"y":1},"s":[0],"t":19.140000762417912},{"o":{"x":0,"y":0},"i":{"x":0.58,"y":1},"s":[0],"t":21.840000869706273},{"o":{"x":0,"y":0},"i":{"x":0.58,"y":1},"s":[0],"t":22.440000856295228},{"o":{"x":0,"y":0},"i":{"x":0.58,"y":1},"s":[0],"t":25.44000090099871},{"o":{"x":0,"y":0},"i":{"x":0.58,"y":1},"s":[0],"t":26.040000887587667},{"o":{"x":0,"y":0},"i":{"x":1,"y":1},"s":[0],"t":29.04000093229115},{"s":[0],"t":29.070000933716074}]},"sa":{"a":0,"k":0},"o":{"a":1,"k":[{"o":{"x":0,"y":0},"i":{"x":0.58,"y":1},"s":[100],"t":0},{"o":{"x":0,"y":0},"i":{"x":0.58,"y":1},"s":[100],"t":0.03000000142492354},{"o":{"x":0,"y":0},"i":{"x":0.58,"y":1},"s":[100],"t":2.730000108713284},{"o":{"x":0,"y":0},"i":{"x":0.58,"y":1},"s":[100],"t":2.7600001101382077},{"o":{"x":0,"y":0},"i":{"x":0.58,"y":1},"s":[100],"t":5.460000217426568},{"o":{"x":0,"y":0},"i":{"x":0.58,"y":1},"s":[100],"t":5.490000218851492},{"o":{"x":0,"y":0},"i":{"x":0.58,"y":1},"s":[100],"t":8.190000326139852},{"o":{"x":0,"y":0},"i":{"x":0.58,"y":1},"s":[100],"t":8.220000327564776},{"o":{"x":0,"y":0},"i":{"x":0.58,"y":1},"s":[100],"t":10.920000434853137},{"o":{"x":0,"y":0},"i":{"x":0.58,"y":1},"s":[100],"t":10.95000043627806},{"o":{"x":0,"y":0},"i":{"x":0.58,"y":1},"s":[100],"t":13.65000054356642},{"o":{"x":0,"y":0},"i":{"x":0.58,"y":1},"s":[100],"t":13.680000544991344},{"o":{"x":0,"y":0},"i":{"x":0.58,"y":1},"s":[100],"t":16.380000652279705},{"o":{"x":0,"y":0},"i":{"x":0.58,"y":1},"s":[100],"t":16.41000065370463},{"o":{"x":0,"y":0},"i":{"x":0.58,"y":1},"s":[100],"t":19.11000076099299},{"o":{"x":0,"y":0},"i":{"x":0.58,"y":1},"s":[100],"t":19.140000762417912},{"o":{"x":0,"y":0},"i":{"x":0.58,"y":1},"s":[100],"t":21.840000869706273},{"o":{"x":0,"y":0},"i":{"x":0.58,"y":1},"s":[100],"t":22.440000856295228},{"o":{"x":0,"y":0},"i":{"x":0.58,"y":1},"s":[100],"t":25.44000090099871},{"o":{"x":0,"y":0},"i":{"x":0.58,"y":1},"s":[100],"t":26.040000887587667},{"o":{"x":0,"y":0},"i":{"x":1,"y":1},"s":[100],"t":29.04000093229115},{"s":[100],"t":29.070000933716074}]}},"shapes":[{"ty":"sh","bm":0,"hd":false,"nm":"","d":1,"ks":{"a":1,"k":[{"o":{"x":0,"y":0},"i":{"x":0.58,"y":1},"s":[{"c":true,"i":[[0,0],[-1.66,0],[0,0],[0,-1.66],[0,0],[1.66,0],[0,0],[0,1.66]],"o":[[0,-1.66],[0,0],[1.66,0],[0,0],[0,1.66],[0,0],[-1.66,0],[0,0]],"v":[[0,3],[3,0],[6,0],[9,3],[9,36],[6,39],[3,39],[0,36]]}],"t":0},{"o":{"x":0,"y":0},"i":{"x":0.58,"y":1},"s":[{"c":true,"i":[[0,0],[-1.66,0],[0,0],[0,-1.66],[0,0],[1.66,0],[0,0],[0,1.66]],"o":[[0,-1.66],[0,0],[1.66,0],[0,0],[0,1.66],[0,0],[-1.66,0],[0,0]],"v":[[0,3],[3,0],[6,0],[9,3],[9,36],[6,39],[3,39],[0,36]]}],"t":0.03000000142492354},{"o":{"x":0,"y":0},"i":{"x":0.58,"y":1},"s":[{"c":true,"i":[[0,0],[-1.66,0],[0,0],[0,-1.66],[0,0],[1.66,0],[0,0],[0,1.66]],"o":[[0,-1.66],[0,0],[1.66,0],[0,0],[0,1.66],[0,0],[-1.66,0],[0,0]],"v":[[0,3],[3,0],[6,0],[9,3],[9,91],[6,94],[3,94],[0,91]]}],"t":2.730000108713284},{"o":{"x":0,"y":0},"i":{"x":0.58,"y":1},"s":[{"c":true,"i":[[0,0],[-1.66,0],[0,0],[0,-1.66],[0,0],[1.66,0],[0,0],[0,1.66]],"o":[[0,-1.66],[0,0],[1.66,0],[0,0],[0,1.66],[0,0],[-1.66,0],[0,0]],"v":[[0,3],[3,0],[6,0],[9,3],[9,91],[6,94],[3,94],[0,91]]}],"t":2.7600001101382077},{"o":{"x":0,"y":0},"i":{"x":0.58,"y":1},"s":[{"c":true,"i":[[0,0],[-1.66,0],[0,0],[0,-1.66],[0,0],[1.66,0],[0,0],[0,1.66]],"o":[[0,-1.66],[0,0],[1.66,0],[0,0],[0,1.66],[0,0],[-1.66,0],[0,0]],"v":[[0,3],[3,0],[6,0],[9,3],[9,62],[6,65],[3,65],[0,62]]}],"t":5.460000217426568},{"o":{"x":0,"y":0},"i":{"x":0.58,"y":1},"s":[{"c":true,"i":[[0,0],[-1.66,0],[0,0],[0,-1.66],[0,0],[1.66,0],[0,0],[0,1.66]],"o":[[0,-1.66],[0,0],[1.66,0],[0,0],[0,1.66],[0,0],[-1.66,0],[0,0]],"v":[[0,3],[3,0],[6,0],[9,3],[9,62],[6,65],[3,65],[0,62]]}],"t":5.490000218851492},{"o":{"x":0,"y":0},"i":{"x":0.58,"y":1},"s":[{"c":true,"i":[[0,0],[-1.66,0],[0,0],[0,-1.66],[0,0],[1.66,0],[0,0],[0,1.66]],"o":[[0,-1.66],[0,0],[1.66,0],[0,0],[0,1.66],[0,0],[-1.66,0],[0,0]],"v":[[0,3],[3,0],[6,0],[9,3],[9,36],[6,39],[3,39],[0,36]]}],"t":8.190000326139852},{"o":{"x":0,"y":0},"i":{"x":0.58,"y":1},"s":[{"c":true,"i":[[0,0],[-1.66,0],[0,0],[0,-1.66],[0,0],[1.66,0],[0,0],[0,1.66]],"o":[[0,-1.66],[0,0],[1.66,0],[0,0],[0,1.66],[0,0],[-1.66,0],[0,0]],"v":[[0,3],[3,0],[6,0],[9,3],[9,36],[6,39],[3,39],[0,36]]}],"t":8.220000327564776},{"o":{"x":0,"y":0},"i":{"x":0.58,"y":1},"s":[{"c":true,"i":[[0,0],[-1.66,0],[0,0],[0,-1.66],[0,0],[1.66,0],[0,0],[0,1.66]],"o":[[0,-1.66],[0,0],[1.66,0],[0,0],[0,1.66],[0,0],[-1.66,0],[0,0]],"v":[[0,3],[3,0],[6,0],[9,3],[9,23],[6,26],[3,26],[0,23]]}],"t":10.920000434853137},{"o":{"x":0,"y":0},"i":{"x":0.58,"y":1},"s":[{"c":true,"i":[[0,0],[-1.66,0],[0,0],[0,-1.66],[0,0],[1.66,0],[0,0],[0,1.66]],"o":[[0,-1.66],[0,0],[1.66,0],[0,0],[0,1.66],[0,0],[-1.66,0],[0,0]],"v":[[0,3],[3,0],[6,0],[9,3],[9,23],[6,26],[3,26],[0,23]]}],"t":10.95000043627806},{"o":{"x":0,"y":0},"i":{"x":0.58,"y":1},"s":[{"c":true,"i":[[0,0],[-1.66,0],[0,0],[0,-1.66],[0,0],[1.66,0],[0,0],[0,1.66]],"o":[[0,-1.66],[0,0],[1.66,0],[0,0],[0,1.66],[0,0],[-1.66,0],[0,0]],"v":[[0,3],[3,0],[6,0],[9,3],[9,36],[6,39],[3,39],[0,36]]}],"t":13.65000054356642},{"o":{"x":0,"y":0},"i":{"x":0.58,"y":1},"s":[{"c":true,"i":[[0,0],[-1.66,0],[0,0],[0,-1.66],[0,0],[1.66,0],[0,0],[0,1.66]],"o":[[0,-1.66],[0,0],[1.66,0],[0,0],[0,1.66],[0,0],[-1.66,0],[0,0]],"v":[[0,3],[3,0],[6,0],[9,3],[9,36],[6,39],[3,39],[0,36]]}],"t":13.680000544991344},{"o":{"x":0,"y":0},"i":{"x":0.58,"y":1},"s":[{"c":true,"i":[[0,0],[-1.66,0],[0,0],[0,-1.66],[0,0],[1.66,0],[0,0],[0,1.66]],"o":[[0,-1.66],[0,0],[1.66,0],[0,0],[0,1.66],[0,0],[-1.66,0],[0,0]],"v":[[0,3],[3,0],[6,0],[9,3],[9,62],[6,65],[3,65],[0,62]]}],"t":16.380000652279705},{"o":{"x":0,"y":0},"i":{"x":0.58,"y":1},"s":[{"c":true,"i":[[0,0],[-1.66,0],[0,0],[0,-1.66],[0,0],[1.66,0],[0,0],[0,1.66]],"o":[[0,-1.66],[0,0],[1.66,0],[0,0],[0,1.66],[0,0],[-1.66,0],[0,0]],"v":[[0,3],[3,0],[6,0],[9,3],[9,62],[6,65],[3,65],[0,62]]}],"t":16.41000065370463},{"o":{"x":0,"y":0},"i":{"x":0.58,"y":1},"s":[{"c":true,"i":[[0,0],[-1.66,0],[0,0],[0,-1.66],[0,0],[1.66,0],[0,0],[0,1.66]],"o":[[0,-1.66],[0,0],[1.66,0],[0,0],[0,1.66],[0,0],[-1.66,0],[0,0]],"v":[[0,3],[3,0],[6,0],[9,3],[9,91],[6,94],[3,94],[0,91]]}],"t":19.11000076099299},{"o":{"x":0,"y":0},"i":{"x":0.58,"y":1},"s":[{"c":true,"i":[[0,0],[-1.66,0],[0,0],[0,-1.66],[0,0],[1.66,0],[0,0],[0,1.66]],"o":[[0,-1.66],[0,0],[1.66,0],[0,0],[0,1.66],[0,0],[-1.66,0],[0,0]],"v":[[0,3],[3,0],[6,0],[9,3],[9,91],[6,94],[3,94],[0,91]]}],"t":19.140000762417912},{"o":{"x":0,"y":0},"i":{"x":0.58,"y":1},"s":[{"c":true,"i":[[0,0],[-1.66,0],[0,0],[0,-1.66],[0,0],[1.66,0],[0,0],[0,1.66]],"o":[[0,-1.66],[0,0],[1.66,0],[0,0],[0,1.66],[0,0],[-1.66,0],[0,0]],"v":[[0,3],[3,0],[6,0],[9,3],[9,36],[6,39],[3,39],[0,36]]}],"t":21.840000869706273},{"o":{"x":0,"y":0},"i":{"x":0.58,"y":1},"s":[{"c":true,"i":[[0,0],[-1.66,0],[0,0],[0,-1.66],[0,0],[1.66,0],[0,0],[0,1.66]],"o":[[0,-1.66],[0,0],[1.66,0],[0,0],[0,1.66],[0,0],[-1.66,0],[0,0]],"v":[[0,3],[3,0],[6,0],[9,3],[9,36],[6,39],[3,39],[0,36]]}],"t":22.440000856295228},{"o":{"x":0,"y":0},"i":{"x":0.58,"y":1},"s":[{"c":true,"i":[[0,0],[-1.66,0],[0,0],[0,-1.66],[0,0],[1.66,0],[0,0],[0,1.66]],"o":[[0,-1.66],[0,0],[1.66,0],[0,0],[0,1.66],[0,0],[-1.66,0],[0,0]],"v":[[0,3],[3,0],[6,0],[9,3],[9,22],[6,25],[3,25],[0,22]]}],"t":25.44000090099871},{"o":{"x":0,"y":0},"i":{"x":0.58,"y":1},"s":[{"c":true,"i":[[0,0],[-1.66,0],[0,0],[0,-1.66],[0,0],[1.66,0],[0,0],[0,1.66]],"o":[[0,-1.66],[0,0],[1.66,0],[0,0],[0,1.66],[0,0],[-1.66,0],[0,0]],"v":[[0,3],[3,0],[6,0],[9,3],[9,22],[6,25],[3,25],[0,22]]}],"t":26.040000887587667},{"o":{"x":0,"y":0},"i":{"x":1,"y":1},"s":[{"c":true,"i":[[0,0],[-1.66,0],[0,0],[0,-1.66],[0,0],[1.66,0],[0,0],[0,1.66]],"o":[[0,-1.66],[0,0],[1.66,0],[0,0],[0,1.66],[0,0],[-1.66,0],[0,0]],"v":[[0,3],[3,0],[6,0],[9,3],[9,36],[6,39],[3,39],[0,36]]}],"t":29.04000093229115},{"s":[{"c":true,"i":[[0,0],[-1.66,0],[0,0],[0,-1.66],[0,0],[1.66,0],[0,0],[0,1.66]],"o":[[0,-1.66],[0,0],[1.66,0],[0,0],[0,1.66],[0,0],[-1.66,0],[0,0]],"v":[[0,3],[3,0],[6,0],[9,3],[9,36],[6,39],[3,39],[0,36]]}],"t":29.070000933716074}]}},{"ty":"fl","bm":0,"hd":false,"nm":"","c":{"a":1,"k":[{"o":{"x":0,"y":0},"i":{"x":0.58,"y":1},"s":[0,0,0],"t":0},{"o":{"x":0,"y":0},"i":{"x":0.58,"y":1},"s":[0,0,0],"t":0.03000000142492354},{"o":{"x":0,"y":0},"i":{"x":0.58,"y":1},"s":[0,0,0],"t":2.730000108713284},{"o":{"x":0,"y":0},"i":{"x":0.58,"y":1},"s":[0,0,0],"t":2.7600001101382077},{"o":{"x":0,"y":0},"i":{"x":0.58,"y":1},"s":[0,0,0],"t":5.460000217426568},{"o":{"x":0,"y":0},"i":{"x":0.58,"y":1},"s":[0,0,0],"t":5.490000218851492},{"o":{"x":0,"y":0},"i":{"x":0.58,"y":1},"s":[0,0,0],"t":8.190000326139852},{"o":{"x":0,"y":0},"i":{"x":0.58,"y":1},"s":[0,0,0],"t":8.220000327564776},{"o":{"x":0,"y":0},"i":{"x":0.58,"y":1},"s":[0,0,0],"t":10.920000434853137},{"o":{"x":0,"y":0},"i":{"x":0.58,"y":1},"s":[0,0,0],"t":10.95000043627806},{"o":{"x":0,"y":0},"i":{"x":0.58,"y":1},"s":[0,0,0],"t":13.65000054356642},{"o":{"x":0,"y":0},"i":{"x":0.58,"y":1},"s":[0,0,0],"t":13.680000544991344},{"o":{"x":0,"y":0},"i":{"x":0.58,"y":1},"s":[0,0,0],"t":16.380000652279705},{"o":{"x":0,"y":0},"i":{"x":0.58,"y":1},"s":[0,0,0],"t":16.41000065370463},{"o":{"x":0,"y":0},"i":{"x":0.58,"y":1},"s":[0,0,0],"t":19.11000076099299},{"o":{"x":0,"y":0},"i":{"x":0.58,"y":1},"s":[0,0,0],"t":19.140000762417912},{"o":{"x":0,"y":0},"i":{"x":0.58,"y":1},"s":[0,0,0],"t":21.840000869706273},{"o":{"x":0,"y":0},"i":{"x":0.58,"y":1},"s":[0,0,0],"t":22.440000856295228},{"o":{"x":0,"y":0},"i":{"x":0.58,"y":1},"s":[0,0,0],"t":25.44000090099871},{"o":{"x":0,"y":0},"i":{"x":0.58,"y":1},"s":[0,0,0],"t":26.040000887587667},{"o":{"x":0,"y":0},"i":{"x":1,"y":1},"s":[0,0,0],"t":29.04000093229115},{"s":[0,0,0],"t":29.070000933716074}]},"r":2,"o":{"a":1,"k":[{"o":{"x":0,"y":0},"i":{"x":0.58,"y":1},"s":[100],"t":0},{"o":{"x":0,"y":0},"i":{"x":0.58,"y":1},"s":[100],"t":0.03000000142492354},{"o":{"x":0,"y":0},"i":{"x":0.58,"y":1},"s":[100],"t":2.730000108713284},{"o":{"x":0,"y":0},"i":{"x":0.58,"y":1},"s":[100],"t":2.7600001101382077},{"o":{"x":0,"y":0},"i":{"x":0.58,"y":1},"s":[100],"t":5.460000217426568},{"o":{"x":0,"y":0},"i":{"x":0.58,"y":1},"s":[100],"t":5.490000218851492},{"o":{"x":0,"y":0},"i":{"x":0.58,"y":1},"s":[100],"t":8.190000326139852},{"o":{"x":0,"y":0},"i":{"x":0.58,"y":1},"s":[100],"t":8.220000327564776},{"o":{"x":0,"y":0},"i":{"x":0.58,"y":1},"s":[100],"t":10.920000434853137},{"o":{"x":0,"y":0},"i":{"x":0.58,"y":1},"s":[100],"t":10.95000043627806},{"o":{"x":0,"y":0},"i":{"x":0.58,"y":1},"s":[100],"t":13.65000054356642},{"o":{"x":0,"y":0},"i":{"x":0.58,"y":1},"s":[100],"t":13.680000544991344},{"o":{"x":0,"y":0},"i":{"x":0.58,"y":1},"s":[100],"t":16.380000652279705},{"o":{"x":0,"y":0},"i":{"x":0.58,"y":1},"s":[100],"t":16.41000065370463},{"o":{"x":0,"y":0},"i":{"x":0.58,"y":1},"s":[100],"t":19.11000076099299},{"o":{"x":0,"y":0},"i":{"x":0.58,"y":1},"s":[100],"t":19.140000762417912},{"o":{"x":0,"y":0},"i":{"x":0.58,"y":1},"s":[100],"t":21.840000869706273},{"o":{"x":0,"y":0},"i":{"x":0.58,"y":1},"s":[100],"t":22.440000856295228},{"o":{"x":0,"y":0},"i":{"x":0.58,"y":1},"s":[100],"t":25.44000090099871},{"o":{"x":0,"y":0},"i":{"x":0.58,"y":1},"s":[100],"t":26.040000887587667},{"o":{"x":0,"y":0},"i":{"x":1,"y":1},"s":[100],"t":29.04000093229115},{"s":[100],"t":29.070000933716074}]}}],"ind":2},{"ty":4,"nm":"Rectangle 46","sr":1,"st":0,"op":30.070000933716074,"ip":0,"hd":false,"ddd":0,"bm":0,"hasMask":false,"ao":0,"ks":{"a":{"a":1,"k":[{"o":{"x":0,"y":0},"i":{"x":0.58,"y":1},"s":[24,24],"t":0},{"o":{"x":0,"y":0},"i":{"x":0.58,"y":1},"s":[24,24],"t":0.03000000142492354},{"o":{"x":0,"y":0},"i":{"x":0.58,"y":1},"s":[24,44.5],"t":2.730000108713284},{"o":{"x":0,"y":0},"i":{"x":0.58,"y":1},"s":[24,44.5],"t":2.7600001101382077},{"o":{"x":0,"y":0},"i":{"x":0.58,"y":1},"s":[24,29.5],"t":5.460000217426568},{"o":{"x":0,"y":0},"i":{"x":0.58,"y":1},"s":[24,29.5],"t":5.490000218851492},{"o":{"x":0,"y":0},"i":{"x":0.58,"y":1},"s":[24,24],"t":8.190000326139852},{"o":{"x":0,"y":0},"i":{"x":0.58,"y":1},"s":[24,24],"t":8.220000327564776},{"o":{"x":0,"y":0},"i":{"x":0.58,"y":1},"s":[24,24],"t":10.920000434853137},{"o":{"x":0,"y":0},"i":{"x":0.58,"y":1},"s":[24,24],"t":10.95000043627806},{"o":{"x":0,"y":0},"i":{"x":0.58,"y":1},"s":[24,24],"t":13.65000054356642},{"o":{"x":0,"y":0},"i":{"x":0.58,"y":1},"s":[24,24],"t":13.680000544991344},{"o":{"x":0,"y":0},"i":{"x":0.58,"y":1},"s":[24,29.5],"t":16.380000652279705},{"o":{"x":0,"y":0},"i":{"x":0.58,"y":1},"s":[24,29.5],"t":16.41000065370463},{"o":{"x":0,"y":0},"i":{"x":0.58,"y":1},"s":[24,44.5],"t":19.11000076099299},{"o":{"x":0,"y":0},"i":{"x":0.58,"y":1},"s":[24,44.5],"t":19.140000762417912},{"o":{"x":0,"y":0},"i":{"x":0.58,"y":1},"s":[24,24],"t":21.840000869706273},{"o":{"x":0,"y":0},"i":{"x":0.58,"y":1},"s":[24,24],"t":22.440000856295228},{"o":{"x":0,"y":0},"i":{"x":0.58,"y":1},"s":[47,24],"t":25.44000090099871},{"o":{"x":0,"y":0},"i":{"x":0.58,"y":1},"s":[47,24],"t":26.040000887587667},{"o":{"x":0,"y":0},"i":{"x":1,"y":1},"s":[24,24],"t":29.04000093229115},{"s":[24,24],"t":29.070000933716074}]},"s":{"a":1,"k":[{"o":{"x":0,"y":0},"i":{"x":0.58,"y":1},"s":[100,100],"t":0},{"o":{"x":0,"y":0},"i":{"x":0.58,"y":1},"s":[100,100],"t":0.03000000142492354},{"o":{"x":0,"y":0},"i":{"x":0.58,"y":1},"s":[100,100],"t":2.730000108713284},{"o":{"x":0,"y":0},"i":{"x":0.58,"y":1},"s":[100,100],"t":2.7600001101382077},{"o":{"x":0,"y":0},"i":{"x":0.58,"y":1},"s":[100,100],"t":5.460000217426568},{"o":{"x":0,"y":0},"i":{"x":0.58,"y":1},"s":[100,100],"t":5.490000218851492},{"o":{"x":0,"y":0},"i":{"x":0.58,"y":1},"s":[100,100],"t":8.190000326139852},{"o":{"x":0,"y":0},"i":{"x":0.58,"y":1},"s":[100,100],"t":8.220000327564776},{"o":{"x":0,"y":0},"i":{"x":0.58,"y":1},"s":[100,100],"t":10.920000434853137},{"o":{"x":0,"y":0},"i":{"x":0.58,"y":1},"s":[100,100],"t":10.95000043627806},{"o":{"x":0,"y":0},"i":{"x":0.58,"y":1},"s":[100,100],"t":13.65000054356642},{"o":{"x":0,"y":0},"i":{"x":0.58,"y":1},"s":[100,100],"t":13.680000544991344},{"o":{"x":0,"y":0},"i":{"x":0.58,"y":1},"s":[100,100],"t":16.380000652279705},{"o":{"x":0,"y":0},"i":{"x":0.58,"y":1},"s":[100,100],"t":16.41000065370463},{"o":{"x":0,"y":0},"i":{"x":0.58,"y":1},"s":[100,100],"t":19.11000076099299},{"o":{"x":0,"y":0},"i":{"x":0.58,"y":1},"s":[100,100],"t":19.140000762417912},{"o":{"x":0,"y":0},"i":{"x":0.58,"y":1},"s":[100,100],"t":21.840000869706273},{"o":{"x":0,"y":0},"i":{"x":0.58,"y":1},"s":[100,100],"t":22.440000856295228},{"o":{"x":0,"y":0},"i":{"x":0.58,"y":1},"s":[100,100],"t":25.44000090099871},{"o":{"x":0,"y":0},"i":{"x":0.58,"y":1},"s":[100,100],"t":26.040000887587667},{"o":{"x":0,"y":0},"i":{"x":1,"y":1},"s":[100,100],"t":29.04000093229115},{"s":[100,100],"t":29.070000933716074}]},"sk":{"a":0,"k":0},"p":{"a":1,"k":[{"o":{"x":0,"y":0},"i":{"x":0.58,"y":1},"s":[408,545],"t":0},{"o":{"x":0,"y":0},"i":{"x":0.58,"y":1},"s":[408,545],"t":0.03000000142492354},{"o":{"x":0,"y":0},"i":{"x":0.58,"y":1},"s":[416,332.5],"t":2.730000108713284},{"o":{"x":0,"y":0},"i":{"x":0.58,"y":1},"s":[416,332.5],"t":2.7600001101382077},{"o":{"x":0,"y":0},"i":{"x":0.58,"y":1},"s":[416,295.5],"t":5.460000217426568},{"o":{"x":0,"y":0},"i":{"x":0.58,"y":1},"s":[416,295.5],"t":5.490000218851492},{"o":{"x":0,"y":0},"i":{"x":0.58,"y":1},"s":[408,275],"t":8.190000326139852},{"o":{"x":0,"y":0},"i":{"x":0.58,"y":1},"s":[408,275],"t":8.220000327564776},{"o":{"x":0,"y":0},"i":{"x":0.58,"y":1},"s":[398,288],"t":10.920000434853137},{"o":{"x":0,"y":0},"i":{"x":0.58,"y":1},"s":[398,288],"t":10.95000043627806},{"o":{"x":0,"y":0},"i":{"x":0.58,"y":1},"s":[408,275],"t":13.65000054356642},{"o":{"x":0,"y":0},"i":{"x":0.58,"y":1},"s":[408,275],"t":13.680000544991344},{"o":{"x":0,"y":0},"i":{"x":0.58,"y":1},"s":[416,295.5],"t":16.380000652279705},{"o":{"x":0,"y":0},"i":{"x":0.58,"y":1},"s":[416,295.5],"t":16.41000065370463},{"o":{"x":0,"y":0},"i":{"x":0.58,"y":1},"s":[416,332.5],"t":19.11000076099299},{"o":{"x":0,"y":0},"i":{"x":0.58,"y":1},"s":[416,332.5],"t":19.140000762417912},{"o":{"x":0,"y":0},"i":{"x":0.58,"y":1},"s":[408,545],"t":21.840000869706273},{"o":{"x":0,"y":0},"i":{"x":0.58,"y":1},"s":[408,545],"t":22.440000856295228},{"o":{"x":0,"y":0},"i":{"x":0.58,"y":1},"s":[251,655],"t":25.44000090099871},{"o":{"x":0,"y":0},"i":{"x":0.58,"y":1},"s":[251,655],"t":26.040000887587667},{"o":{"x":0,"y":0},"i":{"x":1,"y":1},"s":[408,545],"t":29.04000093229115},{"s":[408,545],"t":29.070000933716074}]},"r":{"a":1,"k":[{"o":{"x":0,"y":0},"i":{"x":0.58,"y":1},"s":[0],"t":0},{"o":{"x":0,"y":0},"i":{"x":0.58,"y":1},"s":[0],"t":0.03000000142492354},{"o":{"x":0,"y":0},"i":{"x":0.58,"y":1},"s":[0],"t":2.730000108713284},{"o":{"x":0,"y":0},"i":{"x":0.58,"y":1},"s":[0],"t":2.7600001101382077},{"o":{"x":0,"y":0},"i":{"x":0.58,"y":1},"s":[0],"t":5.460000217426568},{"o":{"x":0,"y":0},"i":{"x":0.58,"y":1},"s":[0],"t":5.490000218851492},{"o":{"x":0,"y":0},"i":{"x":0.58,"y":1},"s":[0],"t":8.190000326139852},{"o":{"x":0,"y":0},"i":{"x":0.58,"y":1},"s":[0],"t":8.220000327564776},{"o":{"x":0,"y":0},"i":{"x":0.58,"y":1},"s":[0],"t":10.920000434853137},{"o":{"x":0,"y":0},"i":{"x":0.58,"y":1},"s":[0],"t":10.95000043627806},{"o":{"x":0,"y":0},"i":{"x":0.58,"y":1},"s":[0],"t":13.65000054356642},{"o":{"x":0,"y":0},"i":{"x":0.58,"y":1},"s":[0],"t":13.680000544991344},{"o":{"x":0,"y":0},"i":{"x":0.58,"y":1},"s":[0],"t":16.380000652279705},{"o":{"x":0,"y":0},"i":{"x":0.58,"y":1},"s":[0],"t":16.41000065370463},{"o":{"x":0,"y":0},"i":{"x":0.58,"y":1},"s":[0],"t":19.11000076099299},{"o":{"x":0,"y":0},"i":{"x":0.58,"y":1},"s":[0],"t":19.140000762417912},{"o":{"x":0,"y":0},"i":{"x":0.58,"y":1},"s":[0],"t":21.840000869706273},{"o":{"x":0,"y":0},"i":{"x":0.58,"y":1},"s":[0],"t":22.440000856295228},{"o":{"x":0,"y":0},"i":{"x":0.58,"y":1},"s":[0],"t":25.44000090099871},{"o":{"x":0,"y":0},"i":{"x":0.58,"y":1},"s":[0],"t":26.040000887587667},{"o":{"x":0,"y":0},"i":{"x":1,"y":1},"s":[0],"t":29.04000093229115},{"s":[0],"t":29.070000933716074}]},"sa":{"a":0,"k":0},"o":{"a":1,"k":[{"o":{"x":0,"y":0},"i":{"x":0.58,"y":1},"s":[100],"t":0},{"o":{"x":0,"y":0},"i":{"x":0.58,"y":1},"s":[100],"t":0.03000000142492354},{"o":{"x":0,"y":0},"i":{"x":0.58,"y":1},"s":[100],"t":2.730000108713284},{"o":{"x":0,"y":0},"i":{"x":0.58,"y":1},"s":[100],"t":2.7600001101382077},{"o":{"x":0,"y":0},"i":{"x":0.58,"y":1},"s":[100],"t":5.460000217426568},{"o":{"x":0,"y":0},"i":{"x":0.58,"y":1},"s":[100],"t":5.490000218851492},{"o":{"x":0,"y":0},"i":{"x":0.58,"y":1},"s":[100],"t":8.190000326139852},{"o":{"x":0,"y":0},"i":{"x":0.58,"y":1},"s":[100],"t":8.220000327564776},{"o":{"x":0,"y":0},"i":{"x":0.58,"y":1},"s":[100],"t":10.920000434853137},{"o":{"x":0,"y":0},"i":{"x":0.58,"y":1},"s":[100],"t":10.95000043627806},{"o":{"x":0,"y":0},"i":{"x":0.58,"y":1},"s":[100],"t":13.65000054356642},{"o":{"x":0,"y":0},"i":{"x":0.58,"y":1},"s":[100],"t":13.680000544991344},{"o":{"x":0,"y":0},"i":{"x":0.58,"y":1},"s":[100],"t":16.380000652279705},{"o":{"x":0,"y":0},"i":{"x":0.58,"y":1},"s":[100],"t":16.41000065370463},{"o":{"x":0,"y":0},"i":{"x":0.58,"y":1},"s":[100],"t":19.11000076099299},{"o":{"x":0,"y":0},"i":{"x":0.58,"y":1},"s":[100],"t":19.140000762417912},{"o":{"x":0,"y":0},"i":{"x":0.58,"y":1},"s":[100],"t":21.840000869706273},{"o":{"x":0,"y":0},"i":{"x":0.58,"y":1},"s":[100],"t":22.440000856295228},{"o":{"x":0,"y":0},"i":{"x":0.58,"y":1},"s":[100],"t":25.44000090099871},{"o":{"x":0,"y":0},"i":{"x":0.58,"y":1},"s":[100],"t":26.040000887587667},{"o":{"x":0,"y":0},"i":{"x":1,"y":1},"s":[100],"t":29.04000093229115},{"s":[100],"t":29.070000933716074}]}},"shapes":[{"ty":"sh","bm":0,"hd":false,"nm":"","d":1,"ks":{"a":1,"k":[{"o":{"x":0,"y":0},"i":{"x":0.58,"y":1},"s":[{"c":true,"i":[[0,0],[-12.14,0],[0,0],[0,-12.14],[0,0],[12.14,0],[0,0],[0,12.14]],"o":[[0,-12.14],[0,0],[12.14,0],[0,0],[0,12.14],[0,0],[-12.14,0],[0,0]],"v":[[0,22],[22,0],[26,0],[48,22],[48,26],[26,48],[22,48],[0,26]]}],"t":0},{"o":{"x":0,"y":0},"i":{"x":0.58,"y":1},"s":[{"c":true,"i":[[0,0],[-12.14,0],[0,0],[0,-12.14],[0,0],[12.14,0],[0,0],[0,12.14]],"o":[[0,-12.14],[0,0],[12.14,0],[0,0],[0,12.14],[0,0],[-12.14,0],[0,0]],"v":[[0,22],[22,0],[26,0],[48,22],[48,26],[26,48],[22,48],[0,26]]}],"t":0.03000000142492354},{"o":{"x":0,"y":0},"i":{"x":0.58,"y":1},"s":[{"c":true,"i":[[0,0],[-12.14,0],[0,0],[0,-12.14],[0,0],[12.14,0],[0,0],[0,12.14]],"o":[[0,-12.14],[0,0],[12.14,0],[0,0],[0,12.14],[0,0],[-12.14,0],[0,0]],"v":[[0,22],[22,0],[26,0],[48,22],[48,67],[26,89],[22,89],[0,67]]}],"t":2.730000108713284},{"o":{"x":0,"y":0},"i":{"x":0.58,"y":1},"s":[{"c":true,"i":[[0,0],[-12.14,0],[0,0],[0,-12.14],[0,0],[12.14,0],[0,0],[0,12.14]],"o":[[0,-12.14],[0,0],[12.14,0],[0,0],[0,12.14],[0,0],[-12.14,0],[0,0]],"v":[[0,22],[22,0],[26,0],[48,22],[48,67],[26,89],[22,89],[0,67]]}],"t":2.7600001101382077},{"o":{"x":0,"y":0},"i":{"x":0.58,"y":1},"s":[{"c":true,"i":[[0,0],[-12.14,0],[0,0],[0,-12.14],[0,0],[12.14,0],[0,0],[0,12.14]],"o":[[0,-12.14],[0,0],[12.14,0],[0,0],[0,12.14],[0,0],[-12.14,0],[0,0]],"v":[[0,22],[22,0],[26,0],[48,22],[48,37],[26,59],[22,59],[0,37]]}],"t":5.460000217426568},{"o":{"x":0,"y":0},"i":{"x":0.58,"y":1},"s":[{"c":true,"i":[[0,0],[-12.14,0],[0,0],[0,-12.14],[0,0],[12.14,0],[0,0],[0,12.14]],"o":[[0,-12.14],[0,0],[12.14,0],[0,0],[0,12.14],[0,0],[-12.14,0],[0,0]],"v":[[0,22],[22,0],[26,0],[48,22],[48,37],[26,59],[22,59],[0,37]]}],"t":5.490000218851492},{"o":{"x":0,"y":0},"i":{"x":0.58,"y":1},"s":[{"c":true,"i":[[0,0],[-12.14,0],[0,0],[0,-12.14],[0,0],[12.14,0],[0,0],[0,12.14]],"o":[[0,-12.14],[0,0],[12.14,0],[0,0],[0,12.14],[0,0],[-12.14,0],[0,0]],"v":[[0,22],[22,0],[26,0],[48,22],[48,26],[26,48],[22,48],[0,26]]}],"t":8.190000326139852},{"o":{"x":0,"y":0},"i":{"x":0.58,"y":1},"s":[{"c":true,"i":[[0,0],[-12.14,0],[0,0],[0,-12.14],[0,0],[12.14,0],[0,0],[0,12.14]],"o":[[0,-12.14],[0,0],[12.14,0],[0,0],[0,12.14],[0,0],[-12.14,0],[0,0]],"v":[[0,22],[22,0],[26,0],[48,22],[48,26],[26,48],[22,48],[0,26]]}],"t":8.220000327564776},{"o":{"x":0,"y":0},"i":{"x":0.58,"y":1},"s":[{"c":true,"i":[[0,0],[-12.14,0],[0,0],[0,-12.14],[0,0],[12.14,0],[0,0],[0,12.14]],"o":[[0,-12.14],[0,0],[12.14,0],[0,0],[0,12.14],[0,0],[-12.14,0],[0,0]],"v":[[0,22],[22,0],[26,0],[48,22],[48,26],[26,48],[22,48],[0,26]]}],"t":10.920000434853137},{"o":{"x":0,"y":0},"i":{"x":0.58,"y":1},"s":[{"c":true,"i":[[0,0],[-12.14,0],[0,0],[0,-12.14],[0,0],[12.14,0],[0,0],[0,12.14]],"o":[[0,-12.14],[0,0],[12.14,0],[0,0],[0,12.14],[0,0],[-12.14,0],[0,0]],"v":[[0,22],[22,0],[26,0],[48,22],[48,26],[26,48],[22,48],[0,26]]}],"t":10.95000043627806},{"o":{"x":0,"y":0},"i":{"x":0.58,"y":1},"s":[{"c":true,"i":[[0,0],[-12.14,0],[0,0],[0,-12.14],[0,0],[12.14,0],[0,0],[0,12.14]],"o":[[0,-12.14],[0,0],[12.14,0],[0,0],[0,12.14],[0,0],[-12.14,0],[0,0]],"v":[[0,22],[22,0],[26,0],[48,22],[48,26],[26,48],[22,48],[0,26]]}],"t":13.65000054356642},{"o":{"x":0,"y":0},"i":{"x":0.58,"y":1},"s":[{"c":true,"i":[[0,0],[-12.14,0],[0,0],[0,-12.14],[0,0],[12.14,0],[0,0],[0,12.14]],"o":[[0,-12.14],[0,0],[12.14,0],[0,0],[0,12.14],[0,0],[-12.14,0],[0,0]],"v":[[0,22],[22,0],[26,0],[48,22],[48,26],[26,48],[22,48],[0,26]]}],"t":13.680000544991344},{"o":{"x":0,"y":0},"i":{"x":0.58,"y":1},"s":[{"c":true,"i":[[0,0],[-12.14,0],[0,0],[0,-12.14],[0,0],[12.14,0],[0,0],[0,12.14]],"o":[[0,-12.14],[0,0],[12.14,0],[0,0],[0,12.14],[0,0],[-12.14,0],[0,0]],"v":[[0,22],[22,0],[26,0],[48,22],[48,37],[26,59],[22,59],[0,37]]}],"t":16.380000652279705},{"o":{"x":0,"y":0},"i":{"x":0.58,"y":1},"s":[{"c":true,"i":[[0,0],[-12.14,0],[0,0],[0,-12.14],[0,0],[12.14,0],[0,0],[0,12.14]],"o":[[0,-12.14],[0,0],[12.14,0],[0,0],[0,12.14],[0,0],[-12.14,0],[0,0]],"v":[[0,22],[22,0],[26,0],[48,22],[48,37],[26,59],[22,59],[0,37]]}],"t":16.41000065370463},{"o":{"x":0,"y":0},"i":{"x":0.58,"y":1},"s":[{"c":true,"i":[[0,0],[-12.14,0],[0,0],[0,-12.14],[0,0],[12.14,0],[0,0],[0,12.14]],"o":[[0,-12.14],[0,0],[12.14,0],[0,0],[0,12.14],[0,0],[-12.14,0],[0,0]],"v":[[0,22],[22,0],[26,0],[48,22],[48,67],[26,89],[22,89],[0,67]]}],"t":19.11000076099299},{"o":{"x":0,"y":0},"i":{"x":0.58,"y":1},"s":[{"c":true,"i":[[0,0],[-12.14,0],[0,0],[0,-12.14],[0,0],[12.14,0],[0,0],[0,12.14]],"o":[[0,-12.14],[0,0],[12.14,0],[0,0],[0,12.14],[0,0],[-12.14,0],[0,0]],"v":[[0,22],[22,0],[26,0],[48,22],[48,67],[26,89],[22,89],[0,67]]}],"t":19.140000762417912},{"o":{"x":0,"y":0},"i":{"x":0.58,"y":1},"s":[{"c":true,"i":[[0,0],[-12.14,0],[0,0],[0,-12.14],[0,0],[12.14,0],[0,0],[0,12.14]],"o":[[0,-12.14],[0,0],[12.14,0],[0,0],[0,12.14],[0,0],[-12.14,0],[0,0]],"v":[[0,22],[22,0],[26,0],[48,22],[48,26],[26,48],[22,48],[0,26]]}],"t":21.840000869706273},{"o":{"x":0,"y":0},"i":{"x":0.58,"y":1},"s":[{"c":true,"i":[[0,0],[-12.14,0],[0,0],[0,-12.14],[0,0],[12.14,0],[0,0],[0,12.14]],"o":[[0,-12.14],[0,0],[12.14,0],[0,0],[0,12.14],[0,0],[-12.14,0],[0,0]],"v":[[0,22],[22,0],[26,0],[48,22],[48,26],[26,48],[22,48],[0,26]]}],"t":22.440000856295228},{"o":{"x":0,"y":0},"i":{"x":0.58,"y":1},"s":[{"c":true,"i":[[0,0],[-12.14,0],[0,0],[0,-12.14],[0,0],[12.14,0],[0,0],[0,12.14]],"o":[[0,-12.14],[0,0],[12.14,0],[0,0],[0,12.14],[0,0],[-12.14,0],[0,0]],"v":[[0,22],[22,0],[72,0],[94,22],[94,26],[72,48],[22,48],[0,26]]}],"t":25.44000090099871},{"o":{"x":0,"y":0},"i":{"x":0.58,"y":1},"s":[{"c":true,"i":[[0,0],[-12.14,0],[0,0],[0,-12.14],[0,0],[12.14,0],[0,0],[0,12.14]],"o":[[0,-12.14],[0,0],[12.14,0],[0,0],[0,12.14],[0,0],[-12.14,0],[0,0]],"v":[[0,22],[22,0],[72,0],[94,22],[94,26],[72,48],[22,48],[0,26]]}],"t":26.040000887587667},{"o":{"x":0,"y":0},"i":{"x":1,"y":1},"s":[{"c":true,"i":[[0,0],[-12.14,0],[0,0],[0,-12.14],[0,0],[12.14,0],[0,0],[0,12.14]],"o":[[0,-12.14],[0,0],[12.14,0],[0,0],[0,12.14],[0,0],[-12.14,0],[0,0]],"v":[[0,22],[22,0],[26,0],[48,22],[48,26],[26,48],[22,48],[0,26]]}],"t":29.04000093229115},{"s":[{"c":true,"i":[[0,0],[-12.14,0],[0,0],[0,-12.14],[0,0],[12.14,0],[0,0],[0,12.14]],"o":[[0,-12.14],[0,0],[12.14,0],[0,0],[0,12.14],[0,0],[-12.14,0],[0,0]],"v":[[0,22],[22,0],[26,0],[48,22],[48,26],[26,48],[22,48],[0,26]]}],"t":29.070000933716074}]}},{"ty":"fl","bm":0,"hd":false,"nm":"","c":{"a":1,"k":[{"o":{"x":0,"y":0},"i":{"x":0.58,"y":1},"s":[0.4197,0.9042,0.8121],"t":0},{"o":{"x":0,"y":0},"i":{"x":0.58,"y":1},"s":[0.4197,0.9042,0.8121],"t":0.03000000142492354},{"o":{"x":0,"y":0},"i":{"x":0.58,"y":1},"s":[0.4197,0.9042,0.8121],"t":2.730000108713284},{"o":{"x":0,"y":0},"i":{"x":0.58,"y":1},"s":[0.4197,0.9042,0.8121],"t":2.7600001101382077},{"o":{"x":0,"y":0},"i":{"x":0.58,"y":1},"s":[0.4197,0.9042,0.8121],"t":5.460000217426568},{"o":{"x":0,"y":0},"i":{"x":0.58,"y":1},"s":[0.4197,0.9042,0.8121],"t":5.490000218851492},{"o":{"x":0,"y":0},"i":{"x":0.58,"y":1},"s":[0.4197,0.9042,0.8121],"t":8.190000326139852},{"o":{"x":0,"y":0},"i":{"x":0.58,"y":1},"s":[0.4197,0.9042,0.8121],"t":8.220000327564776},{"o":{"x":0,"y":0},"i":{"x":0.58,"y":1},"s":[0.4197,0.9042,0.8121],"t":10.920000434853137},{"o":{"x":0,"y":0},"i":{"x":0.58,"y":1},"s":[0.4197,0.9042,0.8121],"t":10.95000043627806},{"o":{"x":0,"y":0},"i":{"x":0.58,"y":1},"s":[0.4197,0.9042,0.8121],"t":13.65000054356642},{"o":{"x":0,"y":0},"i":{"x":0.58,"y":1},"s":[0.4197,0.9042,0.8121],"t":13.680000544991344},{"o":{"x":0,"y":0},"i":{"x":0.58,"y":1},"s":[0.4197,0.9042,0.8121],"t":16.380000652279705},{"o":{"x":0,"y":0},"i":{"x":0.58,"y":1},"s":[0.4197,0.9042,0.8121],"t":16.41000065370463},{"o":{"x":0,"y":0},"i":{"x":0.58,"y":1},"s":[0.4197,0.9042,0.8121],"t":19.11000076099299},{"o":{"x":0,"y":0},"i":{"x":0.58,"y":1},"s":[0.4197,0.9042,0.8121],"t":19.140000762417912},{"o":{"x":0,"y":0},"i":{"x":0.58,"y":1},"s":[0.4197,0.9042,0.8121],"t":21.840000869706273},{"o":{"x":0,"y":0},"i":{"x":0.58,"y":1},"s":[0.4197,0.9042,0.8121],"t":22.440000856295228},{"o":{"x":0,"y":0},"i":{"x":0.58,"y":1},"s":[0.4197,0.9042,0.8121],"t":25.44000090099871},{"o":{"x":0,"y":0},"i":{"x":0.58,"y":1},"s":[0.4197,0.9042,0.8121],"t":26.040000887587667},{"o":{"x":0,"y":0},"i":{"x":1,"y":1},"s":[0.4197,0.9042,0.8121],"t":29.04000093229115},{"s":[0.4197,0.9042,0.8121],"t":29.070000933716074}]},"r":2,"o":{"a":1,"k":[{"o":{"x":0,"y":0},"i":{"x":0.58,"y":1},"s":[100],"t":0},{"o":{"x":0,"y":0},"i":{"x":0.58,"y":1},"s":[100],"t":0.03000000142492354},{"o":{"x":0,"y":0},"i":{"x":0.58,"y":1},"s":[100],"t":2.730000108713284},{"o":{"x":0,"y":0},"i":{"x":0.58,"y":1},"s":[100],"t":2.7600001101382077},{"o":{"x":0,"y":0},"i":{"x":0.58,"y":1},"s":[100],"t":5.460000217426568},{"o":{"x":0,"y":0},"i":{"x":0.58,"y":1},"s":[100],"t":5.490000218851492},{"o":{"x":0,"y":0},"i":{"x":0.58,"y":1},"s":[100],"t":8.190000326139852},{"o":{"x":0,"y":0},"i":{"x":0.58,"y":1},"s":[100],"t":8.220000327564776},{"o":{"x":0,"y":0},"i":{"x":0.58,"y":1},"s":[100],"t":10.920000434853137},{"o":{"x":0,"y":0},"i":{"x":0.58,"y":1},"s":[100],"t":10.95000043627806},{"o":{"x":0,"y":0},"i":{"x":0.58,"y":1},"s":[100],"t":13.65000054356642},{"o":{"x":0,"y":0},"i":{"x":0.58,"y":1},"s":[100],"t":13.680000544991344},{"o":{"x":0,"y":0},"i":{"x":0.58,"y":1},"s":[100],"t":16.380000652279705},{"o":{"x":0,"y":0},"i":{"x":0.58,"y":1},"s":[100],"t":16.41000065370463},{"o":{"x":0,"y":0},"i":{"x":0.58,"y":1},"s":[100],"t":19.11000076099299},{"o":{"x":0,"y":0},"i":{"x":0.58,"y":1},"s":[100],"t":19.140000762417912},{"o":{"x":0,"y":0},"i":{"x":0.58,"y":1},"s":[100],"t":21.840000869706273},{"o":{"x":0,"y":0},"i":{"x":0.58,"y":1},"s":[100],"t":22.440000856295228},{"o":{"x":0,"y":0},"i":{"x":0.58,"y":1},"s":[100],"t":25.44000090099871},{"o":{"x":0,"y":0},"i":{"x":0.58,"y":1},"s":[100],"t":26.040000887587667},{"o":{"x":0,"y":0},"i":{"x":1,"y":1},"s":[100],"t":29.04000093229115},{"s":[100],"t":29.070000933716074}]}}],"ind":3},{"ty":4,"nm":"Rectangle 45","sr":1,"st":0,"op":30.070000933716074,"ip":0,"hd":false,"ddd":0,"bm":0,"hasMask":false,"ao":0,"ks":{"a":{"a":1,"k":[{"o":{"x":0,"y":0},"i":{"x":0.58,"y":1},"s":[150,150],"t":0},{"o":{"x":0,"y":0},"i":{"x":0.58,"y":1},"s":[150,150],"t":0.03000000142492354},{"o":{"x":0,"y":0},"i":{"x":0.58,"y":1},"s":[110,210],"t":2.730000108713284},{"o":{"x":0,"y":0},"i":{"x":0.58,"y":1},"s":[110,210],"t":2.7600001101382077},{"o":{"x":0,"y":0},"i":{"x":0.58,"y":1},"s":[130,170],"t":5.460000217426568},{"o":{"x":0,"y":0},"i":{"x":0.58,"y":1},"s":[130,170],"t":5.490000218851492},{"o":{"x":0,"y":0},"i":{"x":0.58,"y":1},"s":[150,150],"t":8.190000326139852},{"o":{"x":0,"y":0},"i":{"x":0.58,"y":1},"s":[150,150],"t":8.220000327564776},{"o":{"x":0,"y":0},"i":{"x":0.58,"y":1},"s":[170,130],"t":10.920000434853137},{"o":{"x":0,"y":0},"i":{"x":0.58,"y":1},"s":[170,130],"t":10.95000043627806},{"o":{"x":0,"y":0},"i":{"x":0.58,"y":1},"s":[150,150],"t":13.65000054356642},{"o":{"x":0,"y":0},"i":{"x":0.58,"y":1},"s":[150,150],"t":13.680000544991344},{"o":{"x":0,"y":0},"i":{"x":0.58,"y":1},"s":[130,170],"t":16.380000652279705},{"o":{"x":0,"y":0},"i":{"x":0.58,"y":1},"s":[130,170],"t":16.41000065370463},{"o":{"x":0,"y":0},"i":{"x":0.58,"y":1},"s":[110,210],"t":19.11000076099299},{"o":{"x":0,"y":0},"i":{"x":0.58,"y":1},"s":[110,210],"t":19.140000762417912},{"o":{"x":0,"y":0},"i":{"x":0.58,"y":1},"s":[150,150],"t":21.840000869706273},{"o":{"x":0,"y":0},"i":{"x":0.58,"y":1},"s":[150,150],"t":22.440000856295228},{"o":{"x":0,"y":0},"i":{"x":0.58,"y":1},"s":[331,90],"t":25.44000090099871},{"o":{"x":0,"y":0},"i":{"x":0.58,"y":1},"s":[331,90],"t":26.040000887587667},{"o":{"x":0,"y":0},"i":{"x":1,"y":1},"s":[150,150],"t":29.04000093229115},{"s":[150,150],"t":29.070000933716074}]},"s":{"a":1,"k":[{"o":{"x":0,"y":0},"i":{"x":0.58,"y":1},"s":[100,100],"t":0},{"o":{"x":0,"y":0},"i":{"x":0.58,"y":1},"s":[100,100],"t":0.03000000142492354},{"o":{"x":0,"y":0},"i":{"x":0.58,"y":1},"s":[100,100],"t":2.730000108713284},{"o":{"x":0,"y":0},"i":{"x":0.58,"y":1},"s":[100,100],"t":2.7600001101382077},{"o":{"x":0,"y":0},"i":{"x":0.58,"y":1},"s":[100,100],"t":5.460000217426568},{"o":{"x":0,"y":0},"i":{"x":0.58,"y":1},"s":[100,100],"t":5.490000218851492},{"o":{"x":0,"y":0},"i":{"x":0.58,"y":1},"s":[100,100],"t":8.190000326139852},{"o":{"x":0,"y":0},"i":{"x":0.58,"y":1},"s":[100,100],"t":8.220000327564776},{"o":{"x":0,"y":0},"i":{"x":0.58,"y":1},"s":[100,100],"t":10.920000434853137},{"o":{"x":0,"y":0},"i":{"x":0.58,"y":1},"s":[100,100],"t":10.95000043627806},{"o":{"x":0,"y":0},"i":{"x":0.58,"y":1},"s":[100,100],"t":13.65000054356642},{"o":{"x":0,"y":0},"i":{"x":0.58,"y":1},"s":[100,100],"t":13.680000544991344},{"o":{"x":0,"y":0},"i":{"x":0.58,"y":1},"s":[100,100],"t":16.380000652279705},{"o":{"x":0,"y":0},"i":{"x":0.58,"y":1},"s":[100,100],"t":16.41000065370463},{"o":{"x":0,"y":0},"i":{"x":0.58,"y":1},"s":[100,100],"t":19.11000076099299},{"o":{"x":0,"y":0},"i":{"x":0.58,"y":1},"s":[100,100],"t":19.140000762417912},{"o":{"x":0,"y":0},"i":{"x":0.58,"y":1},"s":[100,100],"t":21.840000869706273},{"o":{"x":0,"y":0},"i":{"x":0.58,"y":1},"s":[100,100],"t":22.440000856295228},{"o":{"x":0,"y":0},"i":{"x":0.58,"y":1},"s":[100,100],"t":25.44000090099871},{"o":{"x":0,"y":0},"i":{"x":0.58,"y":1},"s":[100,100],"t":26.040000887587667},{"o":{"x":0,"y":0},"i":{"x":1,"y":1},"s":[100,100],"t":29.04000093229115},{"s":[100,100],"t":29.070000933716074}]},"sk":{"a":0,"k":0},"p":{"a":1,"k":[{"o":{"x":0,"y":0},"i":{"x":0.58,"y":1},"s":[472,632],"t":0},{"o":{"x":0,"y":0},"i":{"x":0.58,"y":1},"s":[472,632],"t":0.03000000142492354},{"o":{"x":0,"y":0},"i":{"x":0.58,"y":1},"s":[472,412],"t":2.730000108713284},{"o":{"x":0,"y":0},"i":{"x":0.58,"y":1},"s":[472,412],"t":2.7600001101382077},{"o":{"x":0,"y":0},"i":{"x":0.58,"y":1},"s":[472,372],"t":5.460000217426568},{"o":{"x":0,"y":0},"i":{"x":0.58,"y":1},"s":[472,372],"t":5.490000218851492},{"o":{"x":0,"y":0},"i":{"x":0.58,"y":1},"s":[472,352],"t":8.190000326139852},{"o":{"x":0,"y":0},"i":{"x":0.58,"y":1},"s":[472,352],"t":8.220000327564776},{"o":{"x":0,"y":0},"i":{"x":0.58,"y":1},"s":[472,352],"t":10.920000434853137},{"o":{"x":0,"y":0},"i":{"x":0.58,"y":1},"s":[472,352],"t":10.95000043627806},{"o":{"x":0,"y":0},"i":{"x":0.58,"y":1},"s":[472,352],"t":13.65000054356642},{"o":{"x":0,"y":0},"i":{"x":0.58,"y":1},"s":[472,352],"t":13.680000544991344},{"o":{"x":0,"y":0},"i":{"x":0.58,"y":1},"s":[472,372],"t":16.380000652279705},{"o":{"x":0,"y":0},"i":{"x":0.58,"y":1},"s":[472,372],"t":16.41000065370463},{"o":{"x":0,"y":0},"i":{"x":0.58,"y":1},"s":[472,412],"t":19.11000076099299},{"o":{"x":0,"y":0},"i":{"x":0.58,"y":1},"s":[472,412],"t":19.140000762417912},{"o":{"x":0,"y":0},"i":{"x":0.58,"y":1},"s":[472,632],"t":21.840000869706273},{"o":{"x":0,"y":0},"i":{"x":0.58,"y":1},"s":[472,632],"t":22.440000856295228},{"o":{"x":0,"y":0},"i":{"x":0.58,"y":1},"s":[472,692],"t":25.44000090099871},{"o":{"x":0,"y":0},"i":{"x":0.58,"y":1},"s":[472,692],"t":26.040000887587667},{"o":{"x":0,"y":0},"i":{"x":1,"y":1},"s":[472,632],"t":29.04000093229115},{"s":[472,632],"t":29.070000933716074}]},"r":{"a":1,"k":[{"o":{"x":0,"y":0},"i":{"x":0.58,"y":1},"s":[0],"t":0},{"o":{"x":0,"y":0},"i":{"x":0.58,"y":1},"s":[0],"t":0.03000000142492354},{"o":{"x":0,"y":0},"i":{"x":0.58,"y":1},"s":[0],"t":2.730000108713284},{"o":{"x":0,"y":0},"i":{"x":0.58,"y":1},"s":[0],"t":2.7600001101382077},{"o":{"x":0,"y":0},"i":{"x":0.58,"y":1},"s":[0],"t":5.460000217426568},{"o":{"x":0,"y":0},"i":{"x":0.58,"y":1},"s":[0],"t":5.490000218851492},{"o":{"x":0,"y":0},"i":{"x":0.58,"y":1},"s":[0],"t":8.190000326139852},{"o":{"x":0,"y":0},"i":{"x":0.58,"y":1},"s":[0],"t":8.220000327564776},{"o":{"x":0,"y":0},"i":{"x":0.58,"y":1},"s":[0],"t":10.920000434853137},{"o":{"x":0,"y":0},"i":{"x":0.58,"y":1},"s":[0],"t":10.95000043627806},{"o":{"x":0,"y":0},"i":{"x":0.58,"y":1},"s":[0],"t":13.65000054356642},{"o":{"x":0,"y":0},"i":{"x":0.58,"y":1},"s":[0],"t":13.680000544991344},{"o":{"x":0,"y":0},"i":{"x":0.58,"y":1},"s":[0],"t":16.380000652279705},{"o":{"x":0,"y":0},"i":{"x":0.58,"y":1},"s":[0],"t":16.41000065370463},{"o":{"x":0,"y":0},"i":{"x":0.58,"y":1},"s":[0],"t":19.11000076099299},{"o":{"x":0,"y":0},"i":{"x":0.58,"y":1},"s":[0],"t":19.140000762417912},{"o":{"x":0,"y":0},"i":{"x":0.58,"y":1},"s":[0],"t":21.840000869706273},{"o":{"x":0,"y":0},"i":{"x":0.58,"y":1},"s":[0],"t":22.440000856295228},{"o":{"x":0,"y":0},"i":{"x":0.58,"y":1},"s":[0],"t":25.44000090099871},{"o":{"x":0,"y":0},"i":{"x":0.58,"y":1},"s":[0],"t":26.040000887587667},{"o":{"x":0,"y":0},"i":{"x":1,"y":1},"s":[0],"t":29.04000093229115},{"s":[0],"t":29.070000933716074}]},"sa":{"a":0,"k":0},"o":{"a":1,"k":[{"o":{"x":0,"y":0},"i":{"x":0.58,"y":1},"s":[100],"t":0},{"o":{"x":0,"y":0},"i":{"x":0.58,"y":1},"s":[100],"t":0.03000000142492354},{"o":{"x":0,"y":0},"i":{"x":0.58,"y":1},"s":[100],"t":2.730000108713284},{"o":{"x":0,"y":0},"i":{"x":0.58,"y":1},"s":[100],"t":2.7600001101382077},{"o":{"x":0,"y":0},"i":{"x":0.58,"y":1},"s":[100],"t":5.460000217426568},{"o":{"x":0,"y":0},"i":{"x":0.58,"y":1},"s":[100],"t":5.490000218851492},{"o":{"x":0,"y":0},"i":{"x":0.58,"y":1},"s":[100],"t":8.190000326139852},{"o":{"x":0,"y":0},"i":{"x":0.58,"y":1},"s":[100],"t":8.220000327564776},{"o":{"x":0,"y":0},"i":{"x":0.58,"y":1},"s":[100],"t":10.920000434853137},{"o":{"x":0,"y":0},"i":{"x":0.58,"y":1},"s":[100],"t":10.95000043627806},{"o":{"x":0,"y":0},"i":{"x":0.58,"y":1},"s":[100],"t":13.65000054356642},{"o":{"x":0,"y":0},"i":{"x":0.58,"y":1},"s":[100],"t":13.680000544991344},{"o":{"x":0,"y":0},"i":{"x":0.58,"y":1},"s":[100],"t":16.380000652279705},{"o":{"x":0,"y":0},"i":{"x":0.58,"y":1},"s":[100],"t":16.41000065370463},{"o":{"x":0,"y":0},"i":{"x":0.58,"y":1},"s":[100],"t":19.11000076099299},{"o":{"x":0,"y":0},"i":{"x":0.58,"y":1},"s":[100],"t":19.140000762417912},{"o":{"x":0,"y":0},"i":{"x":0.58,"y":1},"s":[100],"t":21.840000869706273},{"o":{"x":0,"y":0},"i":{"x":0.58,"y":1},"s":[100],"t":22.440000856295228},{"o":{"x":0,"y":0},"i":{"x":0.58,"y":1},"s":[100],"t":25.44000090099871},{"o":{"x":0,"y":0},"i":{"x":0.58,"y":1},"s":[100],"t":26.040000887587667},{"o":{"x":0,"y":0},"i":{"x":1,"y":1},"s":[100],"t":29.04000093229115},{"s":[100],"t":29.070000933716074}]}},"shapes":[{"ty":"sh","bm":0,"hd":false,"nm":"","d":1,"ks":{"a":1,"k":[{"o":{"x":0,"y":0},"i":{"x":0.58,"y":1},"s":[{"c":true,"i":[[0,0],[-77.27,0],[0,0],[0,-77.27],[0,0],[77.27,0],[0,0],[0,77.27]],"o":[[0,-77.27],[0,0],[77.27,0],[0,0],[0,77.27],[0,0],[-77.27,0],[0,0]],"v":[[0,140],[140,0],[160,0],[300,140],[300,160],[160,300],[140,300],[0,160]]}],"t":0},{"o":{"x":0,"y":0},"i":{"x":0.58,"y":1},"s":[{"c":true,"i":[[0,0],[-77.27,0],[0,0],[0,-77.27],[0,0],[77.27,0],[0,0],[0,77.27]],"o":[[0,-77.27],[0,0],[77.27,0],[0,0],[0,77.27],[0,0],[-77.27,0],[0,0]],"v":[[0,140],[140,0],[160,0],[300,140],[300,160],[160,300],[140,300],[0,160]]}],"t":0.03000000142492354},{"o":{"x":0,"y":0},"i":{"x":0.58,"y":1},"s":[{"c":true,"i":[[0,0],[-60.71,0],[0,0],[0,-77.27],[0,0],[60.71,0],[0,0],[0,77.27]],"o":[[0,-77.27],[0,0],[60.71,0],[0,0],[0,77.27],[0,0],[-60.71,0],[0,0]],"v":[[0,140],[110,0],[110,0],[220,140],[220,280],[110,420],[110,420],[0,280]]}],"t":2.730000108713284},{"o":{"x":0,"y":0},"i":{"x":0.58,"y":1},"s":[{"c":true,"i":[[0,0],[-60.71,0],[0,0],[0,-77.27],[0,0],[60.71,0],[0,0],[0,77.27]],"o":[[0,-77.27],[0,0],[60.71,0],[0,0],[0,77.27],[0,0],[-60.71,0],[0,0]],"v":[[0,140],[110,0],[110,0],[220,140],[220,280],[110,420],[110,420],[0,280]]}],"t":2.7600001101382077},{"o":{"x":0,"y":0},"i":{"x":0.58,"y":1},"s":[{"c":true,"i":[[0,0],[-71.75,0],[0,0],[0,-77.27],[0,0],[71.75,0],[0,0],[0,77.27]],"o":[[0,-77.27],[0,0],[71.75,0],[0,0],[0,77.27],[0,0],[-71.75,0],[0,0]],"v":[[0,140],[130,0],[130,0],[260,140],[260,200],[130,340],[130,340],[0,200]]}],"t":5.460000217426568},{"o":{"x":0,"y":0},"i":{"x":0.58,"y":1},"s":[{"c":true,"i":[[0,0],[-71.75,0],[0,0],[0,-77.27],[0,0],[71.75,0],[0,0],[0,77.27]],"o":[[0,-77.27],[0,0],[71.75,0],[0,0],[0,77.27],[0,0],[-71.75,0],[0,0]],"v":[[0,140],[130,0],[130,0],[260,140],[260,200],[130,340],[130,340],[0,200]]}],"t":5.490000218851492},{"o":{"x":0,"y":0},"i":{"x":0.58,"y":1},"s":[{"c":true,"i":[[0,0],[-77.27,0],[0,0],[0,-77.27],[0,0],[77.27,0],[0,0],[0,77.27]],"o":[[0,-77.27],[0,0],[77.27,0],[0,0],[0,77.27],[0,0],[-77.27,0],[0,0]],"v":[[0,140],[140,0],[160,0],[300,140],[300,160],[160,300],[140,300],[0,160]]}],"t":8.190000326139852},{"o":{"x":0,"y":0},"i":{"x":0.58,"y":1},"s":[{"c":true,"i":[[0,0],[-77.27,0],[0,0],[0,-77.27],[0,0],[77.27,0],[0,0],[0,77.27]],"o":[[0,-77.27],[0,0],[77.27,0],[0,0],[0,77.27],[0,0],[-77.27,0],[0,0]],"v":[[0,140],[140,0],[160,0],[300,140],[300,160],[160,300],[140,300],[0,160]]}],"t":8.220000327564776},{"o":{"x":0,"y":0},"i":{"x":0.58,"y":1},"s":[{"c":true,"i":[[0,0],[-77.27,0],[0,0],[0,-71.75],[0,0],[77.27,0],[0,0],[0,71.75]],"o":[[0,-71.75],[0,0],[77.27,0],[0,0],[0,71.75],[0,0],[-77.27,0],[0,0]],"v":[[0,130],[140,0],[200,0],[340,130],[340,130],[200,260],[140,260],[0,130]]}],"t":10.920000434853137},{"o":{"x":0,"y":0},"i":{"x":0.58,"y":1},"s":[{"c":true,"i":[[0,0],[-77.27,0],[0,0],[0,-71.75],[0,0],[77.27,0],[0,0],[0,71.75]],"o":[[0,-71.75],[0,0],[77.27,0],[0,0],[0,71.75],[0,0],[-77.27,0],[0,0]],"v":[[0,130],[140,0],[200,0],[340,130],[340,130],[200,260],[140,260],[0,130]]}],"t":10.95000043627806},{"o":{"x":0,"y":0},"i":{"x":0.58,"y":1},"s":[{"c":true,"i":[[0,0],[-77.27,0],[0,0],[0,-77.27],[0,0],[77.27,0],[0,0],[0,77.27]],"o":[[0,-77.27],[0,0],[77.27,0],[0,0],[0,77.27],[0,0],[-77.27,0],[0,0]],"v":[[0,140],[140,0],[160,0],[300,140],[300,160],[160,300],[140,300],[0,160]]}],"t":13.65000054356642},{"o":{"x":0,"y":0},"i":{"x":0.58,"y":1},"s":[{"c":true,"i":[[0,0],[-77.27,0],[0,0],[0,-77.27],[0,0],[77.27,0],[0,0],[0,77.27]],"o":[[0,-77.27],[0,0],[77.27,0],[0,0],[0,77.27],[0,0],[-77.27,0],[0,0]],"v":[[0,140],[140,0],[160,0],[300,140],[300,160],[160,300],[140,300],[0,160]]}],"t":13.680000544991344},{"o":{"x":0,"y":0},"i":{"x":0.58,"y":1},"s":[{"c":true,"i":[[0,0],[-71.75,0],[0,0],[0,-77.27],[0,0],[71.75,0],[0,0],[0,77.27]],"o":[[0,-77.27],[0,0],[71.75,0],[0,0],[0,77.27],[0,0],[-71.75,0],[0,0]],"v":[[0,140],[130,0],[130,0],[260,140],[260,200],[130,340],[130,340],[0,200]]}],"t":16.380000652279705},{"o":{"x":0,"y":0},"i":{"x":0.58,"y":1},"s":[{"c":true,"i":[[0,0],[-71.75,0],[0,0],[0,-77.27],[0,0],[71.75,0],[0,0],[0,77.27]],"o":[[0,-77.27],[0,0],[71.75,0],[0,0],[0,77.27],[0,0],[-71.75,0],[0,0]],"v":[[0,140],[130,0],[130,0],[260,140],[260,200],[130,340],[130,340],[0,200]]}],"t":16.41000065370463},{"o":{"x":0,"y":0},"i":{"x":0.58,"y":1},"s":[{"c":true,"i":[[0,0],[-60.71,0],[0,0],[0,-77.27],[0,0],[60.71,0],[0,0],[0,77.27]],"o":[[0,-77.27],[0,0],[60.71,0],[0,0],[0,77.27],[0,0],[-60.71,0],[0,0]],"v":[[0,140],[110,0],[110,0],[220,140],[220,280],[110,420],[110,420],[0,280]]}],"t":19.11000076099299},{"o":{"x":0,"y":0},"i":{"x":0.58,"y":1},"s":[{"c":true,"i":[[0,0],[-60.71,0],[0,0],[0,-77.27],[0,0],[60.71,0],[0,0],[0,77.27]],"o":[[0,-77.27],[0,0],[60.71,0],[0,0],[0,77.27],[0,0],[-60.71,0],[0,0]],"v":[[0,140],[110,0],[110,0],[220,140],[220,280],[110,420],[110,420],[0,280]]}],"t":19.140000762417912},{"o":{"x":0,"y":0},"i":{"x":0.58,"y":1},"s":[{"c":true,"i":[[0,0],[-77.27,0],[0,0],[0,-77.27],[0,0],[77.27,0],[0,0],[0,77.27]],"o":[[0,-77.27],[0,0],[77.27,0],[0,0],[0,77.27],[0,0],[-77.27,0],[0,0]],"v":[[0,140],[140,0],[160,0],[300,140],[300,160],[160,300],[140,300],[0,160]]}],"t":21.840000869706273},{"o":{"x":0,"y":0},"i":{"x":0.58,"y":1},"s":[{"c":true,"i":[[0,0],[-77.27,0],[0,0],[0,-77.27],[0,0],[77.27,0],[0,0],[0,77.27]],"o":[[0,-77.27],[0,0],[77.27,0],[0,0],[0,77.27],[0,0],[-77.27,0],[0,0]],"v":[[0,140],[140,0],[160,0],[300,140],[300,160],[160,300],[140,300],[0,160]]}],"t":22.440000856295228},{"o":{"x":0,"y":0},"i":{"x":0.58,"y":1},"s":[{"c":true,"i":[[0,0],[-77.27,0],[0,0],[0,-49.67],[0,0],[77.27,0],[0,0],[0,49.67]],"o":[[0,-49.67],[0,0],[77.27,0],[0,0],[0,49.67],[0,0],[-77.27,0],[0,0]],"v":[[0,90],[140,0],[522,0],[662,90],[662,90],[522,180],[140,180],[0,90]]}],"t":25.44000090099871},{"o":{"x":0,"y":0},"i":{"x":0.58,"y":1},"s":[{"c":true,"i":[[0,0],[-77.27,0],[0,0],[0,-49.67],[0,0],[77.27,0],[0,0],[0,49.67]],"o":[[0,-49.67],[0,0],[77.27,0],[0,0],[0,49.67],[0,0],[-77.27,0],[0,0]],"v":[[0,90],[140,0],[522,0],[662,90],[662,90],[522,180],[140,180],[0,90]]}],"t":26.040000887587667},{"o":{"x":0,"y":0},"i":{"x":1,"y":1},"s":[{"c":true,"i":[[0,0],[-77.27,0],[0,0],[0,-77.27],[0,0],[77.27,0],[0,0],[0,77.27]],"o":[[0,-77.27],[0,0],[77.27,0],[0,0],[0,77.27],[0,0],[-77.27,0],[0,0]],"v":[[0,140],[140,0],[160,0],[300,140],[300,160],[160,300],[140,300],[0,160]]}],"t":29.04000093229115},{"s":[{"c":true,"i":[[0,0],[-77.27,0],[0,0],[0,-77.27],[0,0],[77.27,0],[0,0],[0,77.27]],"o":[[0,-77.27],[0,0],[77.27,0],[0,0],[0,77.27],[0,0],[-77.27,0],[0,0]],"v":[[0,140],[140,0],[160,0],[300,140],[300,160],[160,300],[140,300],[0,160]]}],"t":29.070000933716074}]}},{"ty":"fl","bm":0,"hd":false,"nm":"","c":{"a":1,"k":[{"o":{"x":0,"y":0},"i":{"x":0.58,"y":1},"s":[0,0.8667,0.702],"t":0},{"o":{"x":0,"y":0},"i":{"x":0.58,"y":1},"s":[0,0.8667,0.702],"t":0.03000000142492354},{"o":{"x":0,"y":0},"i":{"x":0.58,"y":1},"s":[0,0.8667,0.702],"t":2.730000108713284},{"o":{"x":0,"y":0},"i":{"x":0.58,"y":1},"s":[0,0.8667,0.702],"t":2.7600001101382077},{"o":{"x":0,"y":0},"i":{"x":0.58,"y":1},"s":[0,0.8667,0.702],"t":5.460000217426568},{"o":{"x":0,"y":0},"i":{"x":0.58,"y":1},"s":[0,0.8667,0.702],"t":5.490000218851492},{"o":{"x":0,"y":0},"i":{"x":0.58,"y":1},"s":[0,0.8667,0.702],"t":8.190000326139852},{"o":{"x":0,"y":0},"i":{"x":0.58,"y":1},"s":[0,0.8667,0.702],"t":8.220000327564776},{"o":{"x":0,"y":0},"i":{"x":0.58,"y":1},"s":[0,0.8667,0.702],"t":10.920000434853137},{"o":{"x":0,"y":0},"i":{"x":0.58,"y":1},"s":[0,0.8667,0.702],"t":10.95000043627806},{"o":{"x":0,"y":0},"i":{"x":0.58,"y":1},"s":[0,0.8667,0.702],"t":13.65000054356642},{"o":{"x":0,"y":0},"i":{"x":0.58,"y":1},"s":[0,0.8667,0.702],"t":13.680000544991344},{"o":{"x":0,"y":0},"i":{"x":0.58,"y":1},"s":[0,0.8667,0.702],"t":16.380000652279705},{"o":{"x":0,"y":0},"i":{"x":0.58,"y":1},"s":[0,0.8667,0.702],"t":16.41000065370463},{"o":{"x":0,"y":0},"i":{"x":0.58,"y":1},"s":[0,0.8667,0.702],"t":19.11000076099299},{"o":{"x":0,"y":0},"i":{"x":0.58,"y":1},"s":[0,0.8667,0.702],"t":19.140000762417912},{"o":{"x":0,"y":0},"i":{"x":0.58,"y":1},"s":[0,0.8667,0.702],"t":21.840000869706273},{"o":{"x":0,"y":0},"i":{"x":0.58,"y":1},"s":[0,0.8667,0.702],"t":22.440000856295228},{"o":{"x":0,"y":0},"i":{"x":0.58,"y":1},"s":[0,0.8667,0.702],"t":25.44000090099871},{"o":{"x":0,"y":0},"i":{"x":0.58,"y":1},"s":[0,0.8667,0.702],"t":26.040000887587667},{"o":{"x":0,"y":0},"i":{"x":1,"y":1},"s":[0,0.8667,0.702],"t":29.04000093229115},{"s":[0,0.8667,0.702],"t":29.070000933716074}]},"r":2,"o":{"a":1,"k":[{"o":{"x":0,"y":0},"i":{"x":0.58,"y":1},"s":[100],"t":0},{"o":{"x":0,"y":0},"i":{"x":0.58,"y":1},"s":[100],"t":0.03000000142492354},{"o":{"x":0,"y":0},"i":{"x":0.58,"y":1},"s":[100],"t":2.730000108713284},{"o":{"x":0,"y":0},"i":{"x":0.58,"y":1},"s":[100],"t":2.7600001101382077},{"o":{"x":0,"y":0},"i":{"x":0.58,"y":1},"s":[100],"t":5.460000217426568},{"o":{"x":0,"y":0},"i":{"x":0.58,"y":1},"s":[100],"t":5.490000218851492},{"o":{"x":0,"y":0},"i":{"x":0.58,"y":1},"s":[100],"t":8.190000326139852},{"o":{"x":0,"y":0},"i":{"x":0.58,"y":1},"s":[100],"t":8.220000327564776},{"o":{"x":0,"y":0},"i":{"x":0.58,"y":1},"s":[100],"t":10.920000434853137},{"o":{"x":0,"y":0},"i":{"x":0.58,"y":1},"s":[100],"t":10.95000043627806},{"o":{"x":0,"y":0},"i":{"x":0.58,"y":1},"s":[100],"t":13.65000054356642},{"o":{"x":0,"y":0},"i":{"x":0.58,"y":1},"s":[100],"t":13.680000544991344},{"o":{"x":0,"y":0},"i":{"x":0.58,"y":1},"s":[100],"t":16.380000652279705},{"o":{"x":0,"y":0},"i":{"x":0.58,"y":1},"s":[100],"t":16.41000065370463},{"o":{"x":0,"y":0},"i":{"x":0.58,"y":1},"s":[100],"t":19.11000076099299},{"o":{"x":0,"y":0},"i":{"x":0.58,"y":1},"s":[100],"t":19.140000762417912},{"o":{"x":0,"y":0},"i":{"x":0.58,"y":1},"s":[100],"t":21.840000869706273},{"o":{"x":0,"y":0},"i":{"x":0.58,"y":1},"s":[100],"t":22.440000856295228},{"o":{"x":0,"y":0},"i":{"x":0.58,"y":1},"s":[100],"t":25.44000090099871},{"o":{"x":0,"y":0},"i":{"x":0.58,"y":1},"s":[100],"t":26.040000887587667},{"o":{"x":0,"y":0},"i":{"x":1,"y":1},"s":[100],"t":29.04000093229115},{"s":[100],"t":29.070000933716074}]}},{"ty":"st","bm":0,"hd":false,"nm":"","lc":1,"lj":1,"ml":4,"o":{"a":1,"k":[{"o":{"x":0,"y":0},"i":{"x":0.58,"y":1},"s":[100],"t":0},{"o":{"x":0,"y":0},"i":{"x":0.58,"y":1},"s":[100],"t":0.03000000142492354},{"o":{"x":0,"y":0},"i":{"x":0.58,"y":1},"s":[100],"t":2.730000108713284},{"o":{"x":0,"y":0},"i":{"x":0.58,"y":1},"s":[100],"t":2.7600001101382077},{"o":{"x":0,"y":0},"i":{"x":0.58,"y":1},"s":[100],"t":5.460000217426568},{"o":{"x":0,"y":0},"i":{"x":0.58,"y":1},"s":[100],"t":5.490000218851492},{"o":{"x":0,"y":0},"i":{"x":0.58,"y":1},"s":[100],"t":8.190000326139852},{"o":{"x":0,"y":0},"i":{"x":0.58,"y":1},"s":[100],"t":8.220000327564776},{"o":{"x":0,"y":0},"i":{"x":0.58,"y":1},"s":[100],"t":10.920000434853137},{"o":{"x":0,"y":0},"i":{"x":0.58,"y":1},"s":[100],"t":10.95000043627806},{"o":{"x":0,"y":0},"i":{"x":0.58,"y":1},"s":[100],"t":13.65000054356642},{"o":{"x":0,"y":0},"i":{"x":0.58,"y":1},"s":[100],"t":13.680000544991344},{"o":{"x":0,"y":0},"i":{"x":0.58,"y":1},"s":[100],"t":16.380000652279705},{"o":{"x":0,"y":0},"i":{"x":0.58,"y":1},"s":[100],"t":16.41000065370463},{"o":{"x":0,"y":0},"i":{"x":0.58,"y":1},"s":[100],"t":19.11000076099299},{"o":{"x":0,"y":0},"i":{"x":0.58,"y":1},"s":[100],"t":19.140000762417912},{"o":{"x":0,"y":0},"i":{"x":0.58,"y":1},"s":[100],"t":21.840000869706273},{"o":{"x":0,"y":0},"i":{"x":0.58,"y":1},"s":[100],"t":22.440000856295228},{"o":{"x":0,"y":0},"i":{"x":0.58,"y":1},"s":[100],"t":25.44000090099871},{"o":{"x":0,"y":0},"i":{"x":0.58,"y":1},"s":[100],"t":26.040000887587667},{"o":{"x":0,"y":0},"i":{"x":1,"y":1},"s":[100],"t":29.04000093229115},{"s":[100],"t":29.070000933716074}]},"w":{"a":1,"k":[{"o":{"x":0,"y":0},"i":{"x":0.58,"y":1},"s":[15],"t":0},{"o":{"x":0,"y":0},"i":{"x":0.58,"y":1},"s":[15],"t":0.03000000142492354},{"o":{"x":0,"y":0},"i":{"x":0.58,"y":1},"s":[15],"t":2.730000108713284},{"o":{"x":0,"y":0},"i":{"x":0.58,"y":1},"s":[15],"t":2.7600001101382077},{"o":{"x":0,"y":0},"i":{"x":0.58,"y":1},"s":[15],"t":5.460000217426568},{"o":{"x":0,"y":0},"i":{"x":0.58,"y":1},"s":[15],"t":5.490000218851492},{"o":{"x":0,"y":0},"i":{"x":0.58,"y":1},"s":[15],"t":8.190000326139852},{"o":{"x":0,"y":0},"i":{"x":0.58,"y":1},"s":[15],"t":8.220000327564776},{"o":{"x":0,"y":0},"i":{"x":0.58,"y":1},"s":[15],"t":10.920000434853137},{"o":{"x":0,"y":0},"i":{"x":0.58,"y":1},"s":[15],"t":10.95000043627806},{"o":{"x":0,"y":0},"i":{"x":0.58,"y":1},"s":[15],"t":13.65000054356642},{"o":{"x":0,"y":0},"i":{"x":0.58,"y":1},"s":[15],"t":13.680000544991344},{"o":{"x":0,"y":0},"i":{"x":0.58,"y":1},"s":[15],"t":16.380000652279705},{"o":{"x":0,"y":0},"i":{"x":0.58,"y":1},"s":[15],"t":16.41000065370463},{"o":{"x":0,"y":0},"i":{"x":0.58,"y":1},"s":[15],"t":19.11000076099299},{"o":{"x":0,"y":0},"i":{"x":0.58,"y":1},"s":[15],"t":19.140000762417912},{"o":{"x":0,"y":0},"i":{"x":0.58,"y":1},"s":[15],"t":21.840000869706273},{"o":{"x":0,"y":0},"i":{"x":0.58,"y":1},"s":[15],"t":22.440000856295228},{"o":{"x":0,"y":0},"i":{"x":0.58,"y":1},"s":[15],"t":25.44000090099871},{"o":{"x":0,"y":0},"i":{"x":0.58,"y":1},"s":[15],"t":26.040000887587667},{"o":{"x":0,"y":0},"i":{"x":1,"y":1},"s":[15],"t":29.04000093229115},{"s":[15],"t":29.070000933716074}]},"c":{"a":1,"k":[{"o":{"x":0,"y":0},"i":{"x":0.58,"y":1},"s":[0,0,0],"t":0},{"o":{"x":0,"y":0},"i":{"x":0.58,"y":1},"s":[0,0,0],"t":0.03000000142492354},{"o":{"x":0,"y":0},"i":{"x":0.58,"y":1},"s":[0,0,0],"t":2.730000108713284},{"o":{"x":0,"y":0},"i":{"x":0.58,"y":1},"s":[0,0,0],"t":2.7600001101382077},{"o":{"x":0,"y":0},"i":{"x":0.58,"y":1},"s":[0,0,0],"t":5.460000217426568},{"o":{"x":0,"y":0},"i":{"x":0.58,"y":1},"s":[0,0,0],"t":5.490000218851492},{"o":{"x":0,"y":0},"i":{"x":0.58,"y":1},"s":[0,0,0],"t":8.190000326139852},{"o":{"x":0,"y":0},"i":{"x":0.58,"y":1},"s":[0,0,0],"t":8.220000327564776},{"o":{"x":0,"y":0},"i":{"x":0.58,"y":1},"s":[0,0,0],"t":10.920000434853137},{"o":{"x":0,"y":0},"i":{"x":0.58,"y":1},"s":[0,0,0],"t":10.95000043627806},{"o":{"x":0,"y":0},"i":{"x":0.58,"y":1},"s":[0,0,0],"t":13.65000054356642},{"o":{"x":0,"y":0},"i":{"x":0.58,"y":1},"s":[0,0,0],"t":13.680000544991344},{"o":{"x":0,"y":0},"i":{"x":0.58,"y":1},"s":[0,0,0],"t":16.380000652279705},{"o":{"x":0,"y":0},"i":{"x":0.58,"y":1},"s":[0,0,0],"t":16.41000065370463},{"o":{"x":0,"y":0},"i":{"x":0.58,"y":1},"s":[0,0,0],"t":19.11000076099299},{"o":{"x":0,"y":0},"i":{"x":0.58,"y":1},"s":[0,0,0],"t":19.140000762417912},{"o":{"x":0,"y":0},"i":{"x":0.58,"y":1},"s":[0,0,0],"t":21.840000869706273},{"o":{"x":0,"y":0},"i":{"x":0.58,"y":1},"s":[0,0,0],"t":22.440000856295228},{"o":{"x":0,"y":0},"i":{"x":0.58,"y":1},"s":[0,0,0],"t":25.44000090099871},{"o":{"x":0,"y":0},"i":{"x":0.58,"y":1},"s":[0,0,0],"t":26.040000887587667},{"o":{"x":0,"y":0},"i":{"x":1,"y":1},"s":[0,0,0],"t":29.04000093229115},{"s":[0,0,0],"t":29.070000933716074}]}}],"ind":4},{"ty":1,"nm":"Background","sr":1,"st":0,"op":30.070000933716074,"ip":0,"hd":false,"ddd":0,"bm":0,"hasMask":false,"ao":0,"ks":{"a":{"a":0,"k":[0,0]},"s":{"a":0,"k":[100,100]},"sk":{"a":0,"k":0},"p":{"a":0,"k":[0,0]},"r":{"a":0,"k":0},"sa":{"a":0,"k":0},"o":{"a":0,"k":100}},"sc":"#ffffff","sh":944,"sw":944,"ind":5}],"v":"5.7.0","fr":30,"op":29.070000933716074,"ip":0,"assets":[]}